Frame#,Time,Nose,LEye,LEar,LShoulder,LElbow,LWrist,LHip,REye,REar,RShoulder,RElbow,RWrist,RHip
1,0.017,0.011406138698086522,0.006414047084329695,0.006876045375067948,0.010737783756436983,0.012764403628842718,0.0056648036153076654,0.0,0.015608010763707264,0.005923681287847846,0.01177030161040914,0.004953786430600437,0.0062369864518055824,0.0
2,0.033,0.010282752549779343,0.0052879580179876476,0.006757218362610045,0.009996374342730523,0.012574875744913217,0.004689616188986102,0.0,0.015517570686160302,0.005819579022575353,0.010550473923004506,0.003848376280978596,0.005926423879542052,0.0
3,0.05,0.007469605076575072,0.0030886890422961114,0.006776983104597543,0.007806567747736337,0.013138207640313279,0.003864582771786994,0.0,0.014670804340593346,0.005471060226318083,0.0075413858142916925,0.001300961183125779,0.005220153254455435,0.0
4,0.067,0.004533486517019536,0.002051219149676904,0.0075163155867756645,0.005012235030403259,0.015713529202569184,0.006513255714310558,0.0,0.012263869699242681,0.004987233702163797,0.004518849411077973,0.004103961500794022,0.004193447269251981,0.0
5,0.083,0.003875886995256746,0.00227760839478574,0.009228353049162967,0.003506422678457982,0.019956327317420718,0.011332696060514624,0.0,0.008598546388780744,0.004671723450719457,0.0036827299656641546,0.007394085474215347,0.003188259713386228,0.0
6,0.1,0.004619794367718141,0.0029470324056579894,0.011002726934718798,0.003472031105850914,0.02520664594903516,0.01775281667792465,0.0,0.005302357966037823,0.004940647730814416,0.005157761142201151,0.00803150048247512,0.003461935874622759,0.0
7,0.117,0.004596194077712461,0.0036844266853882203,0.011429129450662903,0.003772929895982798,0.03112189743572808,0.025753980274901056,0.0,0.003882653731663458,0.005378196723810363,0.007723664933177719,0.005914811915860244,0.005522680508593329,0.0
8,0.133,0.004680544840080041,0.0038658763560153204,0.009741278150222812,0.004374357095619862,0.03770739317428364,0.03465158726523202,0.0,0.003736642878306588,0.005350233639758623,0.011135304216769604,0.002990819285747579,0.008634523727456673,0.0
9,0.15,0.0057729974883070695,0.0030618621784790617,0.006489221833162974,0.004923921201644199,0.04459313287940202,0.0440459419243136,0.0,0.0038418745424598022,0.004952524608722253,0.0145880944608949,0.0025129663746252503,0.013462912017836318,0.0
10,0.167,0.006355706097673072,0.001915071800221527,0.0033922706259967507,0.00655534133359982,0.05105460312253929,0.053519762705004525,0.0,0.0033800887562311444,0.004980963762164894,0.01640982937144679,0.003511053972812292,0.020475900468599036,0.0
11,0.183,0.005516792546398689,0.004187182823809006,0.0029605742686181326,0.009315846714067611,0.05611733243838311,0.062024027602212484,0.0,0.002143595111022635,0.006960962577115432,0.01573539004918551,0.004727314248068801,0.026833607659053182,0.0
12,0.2,0.00439602092806661,0.0070366895625711195,0.004520508820918748,0.011142374073777984,0.05888601277043616,0.06751583147677324,0.0,0.0012186057606959322,0.009506971126494602,0.013122118731363245,0.006467031776634761,0.029313989834207372,0.0
13,0.217,0.004369496538504104,0.008466847110938047,0.004941912585224024,0.010801041616436337,0.05949724783550915,0.0684060304359197,0.0,0.0016039014932349043,0.010739413391801077,0.01059457408299164,0.007563233435509049,0.02685386378158649,0.0
14,0.233,0.00546145584986269,0.008354340189386699,0.004249999999999643,0.008987908544260589,0.05914748515363913,0.06562152847960778,0.0,0.003043024810940106,0.009716480844420923,0.010146920715172708,0.008743712026364734,0.019805239205826393,0.0
15,0.25,0.006391009309960303,0.0073270048450921246,0.003239212867349128,0.007604110730387883,0.059361203660303355,0.06194507647908767,0.0,0.005025435304528441,0.006862579689883348,0.011361888047327453,0.012228450433313096,0.009913879160045977,0.0
16,0.267,0.006577613549000893,0.005610926839658266,0.002320560277174489,0.008823264701912121,0.060776414010700115,0.0596668668525506,0.0,0.006678323142826001,0.0037326264211678065,0.011925707526180614,0.016626710438327905,0.006823855215345195,0.0
17,0.283,0.006389053137985123,0.003771935842508317,0.0024233241632107168,0.01253664628200065,0.06287799694646762,0.059762634647411474,0.0,0.007635607375971897,0.001781151313055443,0.010287127879053498,0.018070625335057072,0.014055248130147118,0.0
18,0.3,0.006631176366226442,0.002995830435788928,0.0034518111188187386,0.01661430106865762,0.06451422323798095,0.06264810452040831,0.0,0.007924802836664014,0.003318885355055398,0.007589960474205638,0.01616871980089926,0.019889255893572287,0.0
19,0.317,0.0075437059857875405,0.004271709259769189,0.004592112803493019,0.01907694944166917,0.06452491766751793,0.06821158259416064,0.0,0.007559265837368153,0.005706356105257105,0.007227378501227341,0.014922968873517971,0.02358023536778211,0.0
20,0.333,0.008493821283733473,0.007294175758782048,0.006303967004989583,0.01880465367934213,0.06227635988077632,0.07532645617576864,0.0,0.006515558303015772,0.0068696797596393844,0.00868014976829289,0.013676805182497812,0.023991248404365985,0.0
21,0.35,0.009111256773903181,0.010563735134885458,0.008213708054222682,0.01619390317372588,0.05804485334635649,0.0819559790375298,0.0,0.005491356845079084,0.006338375186118317,0.00872653997870911,0.009662556597506103,0.019528248769411196,0.0
22,0.367,0.009253377761661465,0.012604860173758689,0.009520241593573682,0.012657112624923849,0.05289825138886928,0.0855739884544364,0.0,0.005228288438867994,0.005464659184249562,0.007208675329073805,0.0036534230524261036,0.012503399537725939,0.0
23,0.383,0.009117839656410009,0.012175487669904249,0.010209921645145094,0.010130893346590175,0.04786527969206893,0.08484815849504324,0.0,0.005165510623355916,0.005763896251668251,0.006911222757225998,0.003990300740545635,0.011538197432874871,0.0
24,0.4,0.008689936708630129,0.009725481993197359,0.010606837417439428,0.01008377409504951,0.04379594730109153,0.0808870354259569,0.0,0.005199519208542546,0.007167635593415933,0.007783636682168705,0.008313543167627275,0.01518362604913602,0.0
25,0.417,0.008091044431962562,0.0075074962537450855,0.01092462814012385,0.011207809777115937,0.04147869935280009,0.07627917474645357,0.0,0.005591511423577543,0.008159350464344345,0.006964194138591843,0.009874968354379763,0.014761859638947827,0.0
26,0.433,0.007714434522374167,0.007501499850029911,0.010832935890145638,0.011587385382389572,0.04072747843900962,0.07366413645730188,0.0,0.006130660649554695,0.008126653677867076,0.005153154373779067,0.009305509120945714,0.00932335776423922,0.0
27,0.45,0.00789382670192344,0.008756426211645959,0.009822168803273227,0.010872212286374944,0.040163478435016046,0.07481144631672347,0.0,0.006528782428599837,0.00798905501295436,0.005824946351684556,0.007098239218284991,0.0023553131426624907,0.0
28,0.467,0.008466994744299296,0.009521817053483088,0.008142788220259163,0.010105196682894531,0.038355801386491487,0.08022328215674052,0.0,0.00629344897492556,0.007977938330170443,0.008520710064308303,0.003366749173905965,0.005908891605030391,0.0
29,0.483,0.00905317623820585,0.009804080783021288,0.006763135367564737,0.010928060212132388,0.034640510966208536,0.08921151831462132,0.0,0.005450000000000207,0.007184184017687378,0.011403946685249447,0.0034456494308034488,0.011252888518065215,0.0
30,0.5,0.009893937537704432,0.010527701553519682,0.006918814927428426,0.013236030371679265,0.029707658945127714,0.10054205587713042,0.0,0.005131033034390134,0.006044418913344568,0.014754151958008025,0.005027424788100311,0.015399594150496323,0.0
31,0.517,0.010858406881305679,0.011448799063657497,0.008619889790478754,0.01542830191563567,0.024877952086134497,0.11234925455916467,0.0,0.006591661399071006,0.005374709294464418,0.01886093847081826,0.005427015754537825,0.018629278032172906,0.0
32,0.533,0.011104616157256619,0.011984260511187662,0.010155909609680441,0.01646291286498203,0.02104239767707088,0.12172787273258324,0.0,0.009426823431040156,0.005080108266563246,0.02306040979687941,0.005592405564691683,0.01982838873938079,0.0
33,0.55,0.009836411947453532,0.012028923476354206,0.010663254662625077,0.016254307121498536,0.018221484571790413,0.12619609740400062,0.0,0.012166655251135833,0.006527825058930075,0.025952552860941863,0.0037406550228533926,0.017283156540400867,0.0
34,0.567,0.007291947613635572,0.011323206259712351,0.010374728912121298,0.015229412332720077,0.015941376979420642,0.12497580765892252,0.0,0.014283031891023637,0.009403855592255832,0.026150764807171413,0.005563497101643812,0.011155828073253842,0.0
35,0.583,0.005145143341054189,0.009938938575119453,0.009955651661243271,0.01399687465114977,0.014299125847407846,0.11881722307813798,0.0,0.01605155755682315,0.0112736418250719,0.02290120084187717,0.014111077209058123,0.004638426457323608,0.0
36,0.6,0.005303536555922137,0.008135262749291473,0.009702834637362188,0.013055841604431209,0.013480448805584785,0.10926327150511285,0.0,0.017187277271284256,0.0105447854411551,0.01702894594506615,0.018731924620817762,0.0026448062310882006,0.0
37,0.617,0.007015696686716736,0.006433506042586996,0.009130169768410175,0.012464650015142674,0.013423952473098535,0.09804780721668382,0.0,0.01682089474433564,0.007750645134438327,0.010849654372375528,0.017349567717957547,0.0031260998064683407,0.0
38,0.633,0.00995929214352008,0.005386557342124483,0.008084862398333694,0.012636653037889297,0.013622224487946444,0.08752778130399515,0.0,0.014748644005466334,0.006383768479511104,0.00651709291018611,0.012806346083094956,0.0020651876428063676,0.0
39,0.65,0.01321230487083871,0.005965316420777346,0.007093835351909707,0.014183793568717868,0.01370383158098494,0.07992430794195218,0.0,0.01181154096635952,0.007809929577147365,0.004258227330708928,0.009411296403790672,0.0018934096228760506,0.0
40,0.667,0.014796114354789273,0.00807805669700345,0.007180181056213444,0.01628450183456647,0.015349348520376947,0.07559394817047184,0.0,0.008809228116015509,0.008194357814984754,0.004025543441574613,0.010684217332121089,0.003132491021535101,0.0
41,0.683,0.014170744511140065,0.01048165063336915,0.008001718565408525,0.01705271239422036,0.01933158038029989,0.07275970725614546,0.0,0.006353935788155586,0.006966527111840353,0.0055843531406959655,0.014093792960023162,0.003910242959203263,0.0
42,0.7,0.012191492935650727,0.012699015709888777,0.008799573853317703,0.016110633134672293,0.02356544079791409,0.06962551615607604,0.0,0.005579426493825447,0.00646026315253478,0.007184358008896535,0.015714961024450594,0.004131888188225853,0.0
43,0.717,0.010247682664876355,0.014357228144736113,0.009616262267637512,0.015133406754594523,0.025838875749536874,0.06574809883182953,0.0,0.007232738070744723,0.007616265489069456,0.007937411416828653,0.014196214284097109,0.004004060439104282,0.0
44,0.733,0.009351203131147868,0.014562108363832395,0.010706423305661381,0.014872877999903148,0.025520286048553654,0.06111211009284492,0.0,0.010001124936726542,0.008787775600230311,0.0077735127194853895,0.010450358845513548,0.003936051320803561,0.0
45,0.75,0.00961262191080043,0.01288186710069552,0.011637869220781059,0.0142187376373571,0.02354453227396959,0.055943408905786154,0.0,0.011378598331955644,0.009179733111588624,0.00682019061317179,0.006425340457905259,0.0037536648758246353,0.0
46,0.767,0.010151970252123546,0.010108412338246041,0.011348788481595274,0.012497799806365863,0.021442073127382003,0.05100629863065932,0.0,0.010302184234422695,0.008688066528290385,0.005513846207503495,0.004460381149632926,0.003379718923224382,0.0
47,0.783,0.00976933979345574,0.008016233529532948,0.009748589641584272,0.009918417212438666,0.02003677868321147,0.04699199399897804,0.0,0.00814892630964384,0.0074431176263716975,0.004264680527307978,0.005413640180137994,0.0032810059433046827,0.0
48,0.8,0.00812403840463574,0.0077926247182834125,0.00815260694502077,0.007715730684776297,0.019322396331718204,0.04374739992273836,0.0,0.006905251624669695,0.006052478831024057,0.0043188540146663155,0.006474951737271491,0.0034860436027107406,0.0
49,0.817,0.005413409276971677,0.008086408349817472,0.00753972811180857,0.006960962577115289,0.019523447441474006,0.040210632922151525,0.0,0.007469103025129998,0.005519510847892417,0.005850854638426787,0.006688983480320154,0.00383340579641681,0.0
50,0.833,0.0025539185578253233,0.0077097341069584085,0.006710812171414163,0.007252758096062601,0.02099845232392139,0.03563270969207921,0.0,0.009281163720137814,0.00573890233407061,0.00684324484437028,0.006238990302925901,0.0045828484592009945,0.0
51,0.85,0.0022416511771456054,0.006663895257280318,0.0045839393538747,0.007189054179793193,0.023020751508150056,0.03025243791829005,0.0,0.010659385535761646,0.006065682154547444,0.006426702109169242,0.006664457967456668,0.005132738060723688,0.0
52,0.867,0.0034644624402638056,0.005227092882281787,0.002847367204981031,0.00602058967211697,0.02320398672642271,0.024888451137023405,0.0,0.009945099295632597,0.006563916513789665,0.004808586070769751,0.008659387969135054,0.004931024234375382,0.0
53,0.883,0.004330127018922246,0.0036280159867340704,0.003711468711979155,0.004465702632285217,0.019899309033230513,0.020767402341169038,0.0,0.007120919884396315,0.0072163009915059495,0.0028504385627478087,0.010455381389504784,0.0042655597522479605,0.0
54,0.9,0.005850427334819181,0.0022858258901324786,0.004823121395942496,0.004441283598240202,0.014019450773835795,0.01895554008726729,0.0,0.0038408983324221026,0.007591771861693809,0.001653783540853532,0.01078772450519587,0.003569313659514797,0.0
55,0.917,0.007770617736061647,0.0018934096228765693,0.004891063279083842,0.00633048181420673,0.008260750571225295,0.018766193007640042,0.0,0.0018289341158172112,0.007314711204141702,0.0019144189719074226,0.009290855719469979,0.0028178005607211736,0.0
56,0.933,0.009437425496395082,0.0028892040426385284,0.00406632512226924,0.008225873813766606,0.004879292981570256,0.018041757120635424,0.0,0.0011412712210512824,0.006694960791520668,0.0029516944286296348,0.007350850290952798,0.001882817038376378,0.0
57,0.95,0.01072497086243179,0.004422951503238165,0.003273377460665779,0.008613071461447215,0.004107614879708149,0.015492175444397967,0.0,0.0007106335201776122,0.006452131430774883,0.004334454983040066,0.008689936708629744,0.0014637281168299837,0.0
58,0.967,0.010641193542079342,0.0054742579405801135,0.004205948168963019,0.00663211881678831,0.004411915683691108,0.011742444379259557,0.0,0.0017677669529656288,0.006884765791223326,0.0055432391252764,0.012781725235663458,0.0022113344387496635,0.0
59,0.983,0.008345957105090012,0.005316718913013964,0.0064323401651346195,0.0031503968004047127,0.0049322915566701805,0.0084206591190951,0.0,0.0035703641270883905,0.007674307786374172,0.006245198155382823,0.016381468188169348,0.003126099806468143,0.0
60,1.0,0.004678675026115741,0.004821047603996508,0.008356733811723329,0.0013009611831258487,0.005413640180137823,0.0065677241111359915,0.0,0.004926966612429912,0.00837093184776937,0.0065417887462067646,0.020524984774659687,0.0032565318975869145,0.0
61,1.017,0.0033200150602069513,0.005123963309782722,0.008703734830519214,0.002516445906432612,0.0055240383778541804,0.006048760203545821,0.0,0.005065816814690177,0.008061327434114078,0.006234179978153086,0.031236397039351493,0.00240676130931217,0.0
62,1.033,0.0063833768492857195,0.005100490172522733,0.0070874889770640255,0.0030045798375149114,0.004891318840557801,0.00600853559530106,0.0,0.004148493702538519,0.006562202374203265,0.004865696250281617,0.045956310774473624,0.002927029210650082,0.0
63,1.05,0.008520856764433767,0.004295055296501151,0.004403691633164276,0.0028679260799398644,0.0037114687119786218,0.006208663302193144,0.0,0.0029107559155656325,0.004474930167052841,0.0031356817440548208,0.05353410128133247,0.005304007918545448,0.0
64,1.067,0.008992357866544452,0.0033320414163092392,0.0025617376914896855,0.0027991070004554385,0.0025470571253908047,0.00652610143960394,0.0,0.0023021728866445207,0.0025734218464915446,0.0024647515087732547,0.047034189692180046,0.006622122016392954,0.0
65,1.083,0.008345657553482287,0.002567586415293563,0.004335320057388882,0.003952847075210741,0.0021587033144921607,0.006813405903070787,0.0,0.002229910312097725,0.0011629703349615272,0.002659417229393943,0.027911019329290396,0.006092823647538853,0.0
66,1.1,0.007306332869504292,0.0020958291915136908,0.006946401946331923,0.005136876482844271,0.003324530041975827,0.006915562160808142,0.0,0.001996872554771602,0.00040311288741498634,0.00392842207508289,0.0032039038687201294,0.004386912353809079,0.0
67,1.117,0.00626777472473288,0.001784656829757467,0.008707037383633792,0.005100980297942813,0.005123963309782561,0.0066800074850257435,0.0,0.001499166435056247,0.001164044672682665,0.006503268409038388,0.021731658933454745,0.002544110846641542,0.0
68,1.133,0.005370986873936749,0.0015247950681977662,0.009162696109770274,0.0038564880396548505,0.006620611754211149,0.006164616776410276,0.0,0.0011191514642799852,0.002077257807783686,0.008795169128561422,0.038232904676469046,0.001709532099727966,0.0
69,1.15,0.004658594208556841,0.0015443445211484532,0.008145704389431395,0.0023796008068577247,0.007136876067300085,0.00536982308833352,0.0,0.0011324751652903114,0.0029483045975607584,0.009131538753135056,0.04293920120356222,0.0028583211855911193,0.0
70,1.167,0.0047183153773353494,0.0016874537030686242,0.005807322963293367,0.0022005681084670365,0.0063328508588154815,0.004143669871020146,0.0,0.001197914855071006,0.003837316770870358,0.00714037814124714,0.03746695210448818,0.004286607049870335,0.0
71,1.183,0.005819364226442738,0.0018138357147216868,0.003320015060207033,0.0032775753233144477,0.004598641103630815,0.0029124731758420988,0.0,0.0010988630487918179,0.005000999900020251,0.004045058714036407,0.028383842234623553,0.005032146659230104,0.0
72,1.2,0.006851459698487577,0.0017528548142959482,0.002595187854472114,0.0039261940858797955,0.002691653766739187,0.0027427176303803417,0.0,0.0009027735042634161,0.006600757532283633,0.0019474342094149436,0.021099644546769335,0.00533689984916332,0.0
73,1.217,0.0067130469981967825,0.00130479883507006,0.002814693589007569,0.0034128433893164784,0.0011499999999994607,0.003464823227813524,0.0,0.0006819090848494966,0.008043786421828935,0.0013247641299491111,0.016866905466030393,0.005246665607793164,0.0
74,1.233,0.005331510105026526,0.0006837397165588659,0.0020724381776064506,0.0023355941428252723,0.00044999999999984863,0.0038594040990803354,0.0,0.0007794228634061556,0.008198018053163844,0.0006344288770226511,0.013301221748395571,0.003614208073700147,0.0
75,1.25,0.0033559648389099466,0.00047434164902550454,0.0019455076458345056,0.0019416487838947432,0.0006344288770225635,0.0034713109915416856,0.0,0.000634428877022345,0.006894563075351274,0.001120267825120456,0.006976747093022647,0.0012658988901176162,0.0
76,1.267,0.0016568041525780626,0.0007176350047205521,0.00414547946563475,0.0022438805672318042,0.0007176350047205327,0.002502498751248268,0.0,0.001064189832689408,0.005309190145398567,0.0024336187047278154,0.004096950085123809,0.003499999999999964,0.0
77,1.283,0.0006442049363355541,0.001141271221051337,0.006798896969362287,0.002462722071205389,0.0008717797887077968,0.0013057564857202734,0.0,0.0020217566619160246,0.005182181008031227,0.0033741665637604433,0.013311085605614613,0.005022200712834923,0.0
78,1.3,0.0012499999999999456,0.0017356554957710388,0.008671937499774757,0.0019912307751740067,0.0012816005617971083,0.0017804493814758343,0.0,0.0023313086453749634,0.006610975722237081,0.00368612262411323,0.01956240015948981,0.0043249277450611474,0.0
79,1.317,0.00184458667456974,0.002292378677269277,0.008767696390728764,0.0013601470508735987,0.0016355427233804933,0.0026636441203733117,0.0,0.0015173990905497034,0.007900316449359008,0.0033147398087936203,0.022500277776063157,0.0024505101509687296,0.0
80,1.333,0.0016294170736801928,0.002285825890132207,0.007215434844830983,0.001398213145411,0.0017233687939619566,0.0021982947936987096,0.0,0.00036742346141742865,0.007695778063328122,0.002101190138945467,0.022959257392171726,0.0015083103128997405,0.0
81,1.35,0.0009656603957916365,0.0017036725037400833,0.0049771980069110685,0.001888782676752479,0.00157082780724004,0.0019326148090085724,0.0,0.0017421251390190497,0.00608050162404398,0.0007017834423809394,0.020119952783244847,0.0019499999999999715,0.0
82,1.367,0.0006964194138594268,0.0010062305898751462,0.003002498959200455,0.00228144690931001,0.0012338962679247973,0.0029521178838256253,0.0,0.0023759208741027504,0.004380353866983944,0.0009165151389913124,0.013988745476275299,0.002628687885618633,0.0
83,1.383,0.000653834841531288,0.0004716990566028018,0.001710993863227008,0.0024315632831576634,0.0008485281374233318,0.003207413287994133,0.0,0.001812456896038489,0.0035242020373410852,0.0008986100377805589,0.0076560433645583275,0.0028609439001839243,0.0
84,1.4,0.00040926763859364183,0.0003240370349199783,0.0005244044240850246,0.0024525496936861043,0.0007826237921249467,0.0024545875417267844,0.0,0.0004301162633521743,0.0032634337744160847,0.0008972179222460205,0.0052177581392779185,0.0025777897509302603,0.0
85,1.417,0.0004499999999999643,0.0008746427842269559,0.0009513148795220711,0.0026196373794860955,0.0009912113800799615,0.0014611639196204914,0.0,0.0011445523142253643,0.0030033314835361835,0.0020615528128086705,0.010075341185289886,0.002242208732477872,0.0
86,1.433,0.00072972597596591,0.0015451537140364425,0.0021846052274954487,0.0033166247903554445,0.001225765067213265,0.0014456832294801785,0.0,0.0019761072845370536,0.0026320144376503316,0.0030389142798050925,0.018083486942512193,0.0018405162319307007,0.0
87,1.45,0.0010012492197247847,0.0019455076458342008,0.0030207614933986703,0.0043095823463532995,0.0014186260959113115,0.0024779023386727566,0.0,0.001744992836661745,0.002156385865284712,0.003291276348166051,0.024219878199528408,0.0013592277219069988,0.0
88,1.467,0.00122474487139208,0.0019499999999999613,0.0034332928800205934,0.00493583832798434,0.0014941552797483738,0.0037689521090091315,0.0,0.0008845903006477049,0.001713184169901137,0.00281336097932725,0.025847872252856077,0.0009192388155424139,0.0
89,1.483,0.0013416407864997883,0.0014326548781894782,0.0036861226241133847,0.004784088209888887,0.0014456832294800826,0.004842003717470713,0.0,0.0023521266972677778,0.0017168284713391104,0.0021077238908358033,0.024383242196229442,0.0004500000000000568,0.0
90,1.5,0.001917028951268117,0.0010954451150103888,0.0038229569707230555,0.004777551674236972,0.0013793114224133532,0.005183145762950767,0.0,0.005231873469418955,0.0021476731594914523,0.0029605742686179487,0.021499593019404357,0.0002236067977502026,0.0
91,1.517,0.0031344856037315754,0.0019685019685028856,0.0036813720268400038,0.005996040360104319,0.0013285330255588899,0.004316827538829909,0.0,0.007616429609732193,0.002216416025930332,0.005248571234155638,0.016845548373383635,0.0006819090848492854,0.0
92,1.533,0.004682146943443846,0.0032668792447835622,0.0030797727188868937,0.006517092910185863,0.0013435028842546269,0.0029516944286293065,0.0,0.008189780216831206,0.0018774983355511865,0.007299828765114642,0.01094234892516217,0.0017051392904982917,0.0
93,1.55,0.006350984175700634,0.0040650953248357255,0.0021029740844812146,0.005128352561983152,0.0013341664064125114,0.0029381116384507603,0.0,0.006977284572095119,0.0015083103128996857,0.007767399822334193,0.005618496240098416,0.003244610916580926,0.0
94,1.567,0.0077098962379528345,0.00398591269347458,0.0011586630226256586,0.0025690465157328724,0.0013162446581089274,0.003984344362627685,0.0,0.005141497836233686,0.001305756485720834,0.006434671708797995,0.003146823795511686,0.004270245894559123,0.0
95,1.583,0.008494998528546068,0.0029954131601501134,0.0008381527307119381,0.0017839562774910542,0.0012854960132182127,0.004450000000000166,0.0,0.0038281849485107544,0.001338842783899471,0.00443001128666741,0.0034619358746227915,0.004290978909293511,0.0
96,1.6,0.008496616973831398,0.0017182840277439686,0.001366565036872025,0.004113696634415227,0.0014508618128545444,0.004187182823808484,0.0,0.003667764987018871,0.0014089002803603528,0.0029167619032069636,0.003647259244967318,0.003575611835756291,0.0
97,1.617,0.007085372255569931,0.0013238202294872706,0.0022073740054637902,0.005591511423577637,0.0020130822139198296,0.004132190702278639,0.0,0.004054935264587897,0.0012757350822171036,0.00207966343430863,0.0039363688851528815,0.0028301943396169212,0.0
98,1.633,0.004519955751995823,0.001966596043929756,0.0026575364531834004,0.005590393546075181,0.0027739863013358924,0.005788998186214969,0.0,0.004032988966015236,0.001419506956657743,0.00175570498660785,0.004744470465710543,0.0024072806234414,0.0
99,1.65,0.003983716857408672,0.0038239377609998286,0.002487971060925547,0.004785916840063252,0.0034223529917295696,0.009427221223669185,0.0,0.0035404801934203686,0.0021313141485947364,0.002687470930075348,0.005892792207434608,0.002105350327143288,0.0
100,1.667,0.007786847886019504,0.006592609498522142,0.001820714145603666,0.004209809971958508,0.004219300889957926,0.013906473312813522,0.0,0.0030170349683084786,0.00259374246986862,0.004844326578586706,0.007195310973126903,0.0018901058171437377,0.0
101,1.683,0.011810482631966662,0.0089706465764737,0.0010356157588603894,0.004271416626834795,0.0053509344978235505,0.01782449157760186,0.0,0.002610555496440287,0.002567586415293608,0.007008209471755593,0.008194662897276148,0.001803468879686319,0.0
102,1.7,0.014198063248203368,0.00958762222868561,0.0024561148181633206,0.00396799697580507,0.006907423542827135,0.020744637861385074,0.0,0.002552449803620533,0.002315707235381867,0.007811209893479835,0.008640312494348943,0.002419710726512817,0.0
103,1.717,0.0144835251233944,0.008400297613775382,0.005049257371138907,0.0032116973705497986,0.00917891605801064,0.023443229299736062,0.0,0.0032549961597521555,0.0023790754506739582,0.006714722630161339,0.009055109055113428,0.0036224991373361697,0.0
104,1.733,0.013346722444106597,0.00697316284049075,0.008210054811022258,0.0035696638497203777,0.012231414472578249,0.027791050717812047,0.0,0.005104899607240001,0.003947784188630345,0.004522444029504388,0.010380871832365293,0.004498888751680738,0.0
105,1.75,0.011507606180261882,0.006803124282268699,0.011152354011597669,0.00369628191565528,0.015871436607944423,0.03532753883304068,0.0,0.007949999999999987,0.0070345575553832605,0.003156738823533097,0.012674087738373974,0.004637348380270819,0.0
106,1.767,0.009401728564471041,0.007139327699440569,0.01279316223613268,0.0034590461112856768,0.019302137187368715,0.04594608253159349,0.0,0.011153698938020687,0.01087267216465235,0.0033113441379596484,0.014417784157075198,0.00445112345369077,0.0
107,1.783,0.007737409127091736,0.007599177587081556,0.012514591483543978,0.004791137651956943,0.02116099005245238,0.057713451638244664,0.0,0.01398669010166502,0.01420712849241575,0.003194526568992043,0.013019312577859488,0.004821306876770475,0.0
108,1.8,0.00694568211193127,0.009433318610118587,0.01022386913061742,0.0061296410987920075,0.020806068826186224,0.06840926472342757,0.0,0.015414035811558164,0.015225389978585009,0.002472852603775274,0.007720265539473664,0.0057399912891924814,0.0
109,1.817,0.006624764146745213,0.011955542647659304,0.006888758959348103,0.006230168537046161,0.01847105844287254,0.07670264011101574,0.0,0.014797803891118337,0.013233669181296707,0.0017832554500125772,0.00687568178437597,0.0066670833203141665,0.0
110,1.833,0.007368005157435579,0.013268100843752743,0.00412855907066842,0.005673843494492889,0.014734822699985405,0.08219860096133028,0.0,0.012632101962855788,0.009374699995199387,0.0011510864433223083,0.013230740720005334,0.0068492700340987665,0.0
111,1.85,0.010030079760401135,0.01289040340718651,0.003996873778342231,0.0056049085630365605,0.010223991392797244,0.08615317753861436,0.0,0.010119535562465067,0.005635157495580702,0.0019786358937414353,0.01765885047221348,0.005788350369492118,0.0
112,1.867,0.013224314727047076,0.011955124424279503,0.006783251432756999,0.006113305161695167,0.00758963108457844,0.09086024983456734,0.0,0.008347754189002538,0.003970201506221441,0.004174026832687487,0.018043350575765886,0.004401420225336168,0.0
113,1.883,0.0154390738064169,0.012141869707750719,0.011172399026171747,0.007278907885115975,0.011381124724736326,0.09810894454635616,0.0,0.008412639300481545,0.004936851223199,0.00516381641811544,0.015419549280053515,0.004354882317583393,0.0
114,1.9,0.015999218730926006,0.01367314886922544,0.01583958648450136,0.008848869984353325,0.016670407913425476,0.10804477081284408,0.0,0.010692754556240483,0.007553476021011821,0.003715171597652069,0.012691828079516566,0.004686683262180195,0.0
115,1.917,0.015359117813207927,0.015145461366363362,0.01892121824830516,0.01056053975893255,0.01941874094785754,0.1189099974770835,0.0,0.013736174867844106,0.011337217471672522,0.004146383966783339,0.009152322109716091,0.003906404996924866,0.0
116,1.933,0.014176917859675968,0.015711619903752874,0.0194458221734129,0.012033702672079493,0.0196492366263934,0.12864445188192147,0.0,0.01558244204224721,0.014750338979155314,0.008371678445807317,0.0063294944505861315,0.002571964229921858,0.0
117,1.95,0.012923041437680256,0.015703661993305716,0.017887775155116244,0.012741467733350031,0.019896859048603718,0.1359983639607477,0.0,0.01597544991541728,0.016157351268076076,0.01154621149988229,0.013375163550402091,0.0037376463182065022,0.0
118,1.967,0.011910079764636252,0.015510480327830024,0.01568590131296264,0.012695077786291604,0.02180372674567338,0.14068643324784375,0.0,0.016220203451251736,0.015116960673362883,0.012974783235183474,0.02234731527499457,0.0076347887986506265,0.0
119,1.983,0.011693160394008181,0.01503820135521555,0.013414637527715524,0.012370731587097162,0.025016394624325797,0.14318743834568728,0.0,0.01702358657862669,0.012391327612487743,0.013448977656312583,0.02749813630048403,0.012437443467208154,0.0
120,2.0,0.012350101214160206,0.014487063194449964,0.010688077469779043,0.012621608455343616,0.0289102922849287,0.14372765913351535,0.0,0.01772639275205197,0.009147404003322588,0.012927780165211112,0.026832675975384926,0.016947713710114422,0.0
121,2.017,0.013075740896790563,0.013899010756165429,0.007498999933324688,0.013666930891754702,0.03360524512631892,0.14053547594824595,0.0,0.017504356600572257,0.006650187967268224,0.01095627673984208,0.021336881215397882,0.02023048442326576,0.0
122,2.033,0.013070099464043911,0.013084819448506365,0.004918587195526818,0.014522396496446072,0.03861003755501938,0.13119312100868713,0.0,0.016137921179631646,0.005115173506343612,0.00781440976657826,0.014029433345648606,0.02170236162264366,0.0
123,2.05,0.011984260511187048,0.011859384469693018,0.005443803817185467,0.014547336525976519,0.0420228806723191,0.11701612068428867,0.0,0.013906922736536827,0.004265266697406178,0.0046890830660153955,0.007618070621883229,0.019680574178615826,0.0
124,2.067,0.010042036646019487,0.010351086899451687,0.006907604505181134,0.013668668552569431,0.04253451539632251,0.103128196920144,0.0,0.011304645062981865,0.004744206993797684,0.002832401807653551,0.003853245385386576,0.012171277665060605,0.0
125,2.083,0.008132650244538941,0.009060077262363736,0.006629856710367062,0.012031105518612957,0.040895904440420426,0.0943820030514291,0.0,0.009247837585078753,0.006709321873334058,0.0026547127904915937,0.005180250959171286,0.005875585077249815,0.0
126,2.1,0.007287489279580364,0.008373470009500346,0.0054412774235466045,0.010365568001803126,0.0396547916398515,0.09234270409729178,0.0,0.00875071425656206,0.009311954682020345,0.003285194058194858,0.007970727695762854,0.016083920541957453,0.0
127,2.117,0.007823841767316498,0.008183520025025912,0.0047323355755904024,0.009979604200568036,0.0408097414841119,0.09496729700270506,0.0,0.009488545726295487,0.012287798826478413,0.0040527768258317816,0.008292918665946421,0.022289795871654215,0.0
128,2.133,0.008879752248796184,0.008205638305457971,0.004418993097980727,0.01148629618284332,0.044426737444921253,0.09794868554503426,0.0,0.010006248048094763,0.015135554168910006,0.005326114906759129,0.004804425043644558,0.021728380059268124,0.0
129,2.15,0.00952969044617936,0.00787559521560099,0.004081666326391779,0.014329776690513912,0.04962874670994613,0.09781380270698001,0.0,0.009287895348247626,0.016017880633841658,0.007153670386592288,0.0038813657390149255,0.017819652072921764,0.0
130,2.167,0.00939494544954878,0.006575902979819501,0.0033447720400648475,0.01691966311721353,0.055290008138903265,0.09419964171906388,0.0,0.007486487828080681,0.013521094630243195,0.009008329478876365,0.00836973715238383,0.013463747620925807,0.0
131,2.183,0.008713782186857817,0.0049874843358148815,0.002745906043549237,0.01775908218349148,0.060499710743110155,0.08862072274586785,0.0,0.005036119537898364,0.008231798102480405,0.010254511202392805,0.010175706363688128,0.010086748732866984,0.0
132,2.2,0.008115109364636051,0.004844068537913105,0.003017449253922854,0.016841689345193395,0.06461605837560823,0.08225732490179821,0.0,0.0023553131426629083,0.003470590727815903,0.011202008748434572,0.008656356046282062,0.007729488986990412,0.0
133,2.217,0.007757899200169987,0.005807322963293769,0.0035092734290733396,0.015613615852838119,0.06698914091104567,0.07563135923676122,0.0,0.002976575213227763,0.007992183681572741,0.01280507711808083,0.005194468211472526,0.00606073427894672,0.0
134,2.233,0.007211275892655741,0.006623065755373405,0.00449805513527736,0.015835719118499306,0.06708297101351433,0.06864280734352277,0.0,0.006041936775571375,0.01379646693903953,0.01437089071700178,0.0030487702438852147,0.006111873689794109,0.0
135,2.25,0.006117393235684249,0.007395606804042939,0.00662325448703251,0.017264197056336097,0.06461420122542778,0.06066184962560886,0.0,0.008265288863675606,0.017315311143609628,0.013939422513146133,0.004832442446631237,0.007613474896523945,0.0
136,2.267,0.004669850104660525,0.008497352528875943,0.008752999485890785,0.017828348212888416,0.059811558247549405,0.05184443075201048,0.0,0.009748974305023079,0.017442691879409035,0.011036303729056784,0.006380047021769903,0.009945224984886552,0.0
137,2.283,0.003871046370169158,0.009893811196904833,0.009729080120956829,0.016654879164977456,0.053170221929196196,0.04407110731533759,0.0,0.01061920430164166,0.014539085253206083,0.006459295627233153,0.006551717332119763,0.01160193949303314,0.0
138,2.3,0.0045961940777126615,0.011272089424769805,0.00963405418294893,0.014886906999104698,0.04556495363763711,0.03935584454690305,0.0,0.010612963770785279,0.010025093515773235,0.0020118399538734634,0.006123316095058326,0.010697429597804484,0.0
139,2.317,0.0061979835430566645,0.012359308233068416,0.009374699995199843,0.0135796723082705,0.038116597434713226,0.03734504652561038,0.0,0.009949874371066078,0.005966783052868348,0.0025362373705945375,0.005955879448074823,0.008219184874425828,0.0
140,2.333,0.008100925873009495,0.012948358969382876,0.00929139386744535,0.012457728524895574,0.031421210988757636,0.03625220682937788,0.0,0.009250135134147982,0.0038242646351945085,0.003579804463933898,0.005984981202978069,0.007614952396437493,0.0
141,2.35,0.010526157893552265,0.012925265954710817,0.008859176033920741,0.011414135972555878,0.025963869126152776,0.03484311266233271,0.0,0.008866932953394762,0.0038581083447721378,0.0030886890422957046,0.00592241504793448,0.0081787835281294,0.0
142,2.367,0.013135638545575451,0.012681581131704395,0.007879879440701967,0.01133291665900699,0.022277006082504866,0.03300306803919918,0.0,0.008932244958575614,0.0052349785099844994,0.004860555523805593,0.005650442460551383,0.007692366345929827,0.0
143,2.383,0.014933603048159792,0.012867886384328665,0.007162052778359151,0.012666195166663044,0.019763982392220852,0.03124183893435211,0.0,0.009690975183128182,0.006813222438758459,0.007978251688182975,0.005046038049797107,0.00675018518264525,0.0
144,2.4,0.015040362362655761,0.013162446581088099,0.007875753932164227,0.01382624316291301,0.01713366569068136,0.02976797776134625,0.0,0.011222521998196415,0.00782879301041995,0.009128389781335849,0.004352298243457112,0.006068566552325541,0.0
145,2.417,0.013341476679887932,0.012973530745329403,0.009541226336273443,0.012912590754763397,0.014878928052787028,0.027841740247333456,0.0,0.012871091639794737,0.008115725475889405,0.00753823586789439,0.003372313745783423,0.005298348799389663,0.0
146,2.433,0.0109271450983321,0.012155142944449188,0.011275194011634272,0.010062305898749065,0.014173037783058043,0.02438078136565764,0.0,0.013869120375856782,0.007911542201113552,0.004599184710359246,0.0017095320997278806,0.006308129675268247,0.0
147,2.45,0.008926645506572066,0.01055154017193706,0.012489695752899242,0.007201909469022716,0.014051423415440845,0.019833431372306906,0.0,0.014011959177788138,0.007976371355447324,0.0033271609519227494,0.0014773286702696252,0.010999772724924336,0.0
148,2.467,0.007618890995413918,0.00871751111269739,0.012887008962517129,0.00533549435385317,0.013560420347467367,0.01595571997748762,0.0,0.013147147979694566,0.009763708311906599,0.00507986220285544,0.0037636418533117436,0.017138115415645763,0.0
149,2.483,0.006886399639869721,0.007655390257850931,0.013370489893792435,0.004877243073704195,0.01328034261606233,0.013796195127643015,0.0,0.011607540652524315,0.01293841180361806,0.006823855215345506,0.005383771911959185,0.022378226024419353,0.0
150,2.5,0.00692784237695972,0.007834060249959833,0.015066602138505053,0.005971808771218758,0.013590529790997785,0.01263388301354756,0.0,0.010113851887387011,0.015267285285865032,0.008041921412200038,0.005771048431611324,0.02472513902893171,0.0
151,2.517,0.00785827589233186,0.008996110270555765,0.01739410819789277,0.006977284572095119,0.013518598300119786,0.011370795926407225,0.0,0.008989716347026683,0.015445549520816027,0.009265662415607421,0.0062914624690923755,0.0229432996755044,0.0
152,2.533,0.008958934088383693,0.010608251505314081,0.018248424589536374,0.007232219576312739,0.012383961401748623,0.009874841770884081,0.0,0.008258026398601782,0.013644504388215264,0.01056858552503611,0.007741446893185018,0.01784642821407125,0.0
153,2.55,0.009633924433999165,0.011855589399098306,0.015850709763288402,0.0064949980754425065,0.010107546685521093,0.008282964445172892,0.0,0.007843946710680467,0.011117666121988301,0.010875316087360271,0.008473635583384015,0.01251009592289368,0.0
154,2.567,0.009874968354379775,0.012189954880966103,0.01050059522122455,0.004633303357216906,0.00801716907642601,0.006563916513789455,0.0,0.007869085080236607,0.00882468129736055,0.009394147114028006,0.007618070621882519,0.009678067989014837,0.0
155,2.583,0.00995590277172262,0.01147802247776103,0.00422610932182273,0.0028796701199969694,0.00805062109405248,0.0047528938553264635,0.0,0.00830541991713829,0.00705159556412622,0.006704848991588696,0.00566436227655015,0.008065203035261535,0.0
156,2.6,0.01003132593429167,0.009537950513606518,0.002791504970441603,0.0028848743473504916,0.008776816051392944,0.0030716445106815245,0.0,0.008471865201949078,0.005685288031402216,0.0036759352551426925,0.0033737960815673905,0.0056162710048575214,0.0
157,2.617,0.009824586505294039,0.0067627657064254065,0.005833309523760844,0.003498571136907141,0.008355985878398853,0.002002498439450002,0.0,0.007823362448461706,0.004344249072048991,0.001186381051769709,0.0016132265804898456,0.003663331816802532,0.0
158,2.633,0.008869047299457311,0.004632493928760222,0.005803662636646111,0.003372313745783423,0.006782514283067046,0.0022808989455913686,0.0,0.006478618679934745,0.0032661138988101827,0.0010024968827882046,0.0014404860290890007,0.00412219601668807,0.0
159,2.65,0.007082901947647574,0.00427258703831766,0.0035003571246373646,0.0021307275752660963,0.005240467536393811,0.003234192325758803,0.0,0.005015974481594022,0.003769946949228505,0.001974841765812904,0.00181245689603936,0.004988486744494699,0.0
160,2.667,0.005305892950295729,0.0040177730149923525,0.005469460668109821,0.0007968688725254659,0.004813782296697588,0.004218412023499178,0.0,0.0038967935536798697,0.0052194348353059574,0.002808914381037858,0.0018069310999588373,0.004924682730897292,0.0
161,2.683,0.0045002777692054385,0.0033626626354721087,0.01026328407479799,0.0019519221295945307,0.005027424788099815,0.005222547271208394,0.0,0.0032457664734235657,0.006095490136158121,0.0035074919814589386,0.002593742469867923,0.004150903516103624,0.0
162,2.7,0.004630604712129581,0.0037861590035284886,0.012958202035776592,0.0032050741021074475,0.005000499975002445,0.0067411052506241315,0.0,0.0035281014724636212,0.006026815079293039,0.003525975042452812,0.004107919181289114,0.0035584406697316,0.0
163,2.717,0.004374357095619471,0.005360503707675043,0.012864680330268524,0.004063249930782016,0.004465702632286084,0.00875414187684913,0.0,0.004811184885243583,0.005157034031301439,0.0028543825952382852,0.00554571906969708,0.0032733774606665926,0.0
164,2.733,0.0029618406439240815,0.006627405223765745,0.010999204516691178,0.0045005555212657405,0.0038813657390151797,0.010236332350994228,0.0,0.006198991853519116,0.0038522720568518517,0.0041060930335297015,0.00590021186060245,0.0021598611066454914,0.0
165,2.75,0.0018553975315273494,0.006726626197433567,0.008192221920822163,0.004415031143717343,0.004033918690305991,0.010780190165298317,0.0,0.006828433202426634,0.0028376927247325827,0.006248599843164769,0.005258089006473659,0.0007905694150414724,0.0
166,2.767,0.0032530754679224944,0.005926423879541514,0.005441507144165003,0.0039303307748843365,0.004417578522222215,0.010670754425062096,0.0,0.0064770749571086,0.002338268590218422,0.006554006408297325,0.006217113478134258,0.0033477604454321195,0.0
167,2.783,0.004373213921134094,0.0049804618259756146,0.003986853395849952,0.00341833292702809,0.0042452915094254124,0.009969954864491273,0.0,0.005884301147970494,0.0018560711193277616,0.004821566135603633,0.008602906485601178,0.0057144553546248185,0.0
168,2.8,0.004674665763452853,0.004470458589451143,0.004297092039973034,0.0030220026472520998,0.0034864021569520716,0.00916910573611205,0.0,0.0053249413142305866,0.0011661903789687983,0.002257210668058819,0.009463746615374241,0.00707018387313948,0.0
169,2.817,0.004663421490708179,0.0051122402134485935,0.0056793485541915545,0.002659887215654092,0.0021971572542720252,0.008731695138974763,0.0,0.004616546328154362,0.0011467344941181684,0.0009394147114025323,0.007724312267120682,0.007474958193862997,0.0
170,2.833,0.00430871210456206,0.006256196927846898,0.00706788511508211,0.0021971572542720075,0.0007123903424388954,0.009062284480196386,0.0,0.003628015986734522,0.0015239750654125652,0.0022726636354724774,0.004134307680857692,0.006564678209935277,0.0
171,2.85,0.003481738071710749,0.00635550942096697,0.007860184476206568,0.0015074813431682189,0.002864437117480858,0.009859259607090554,0.0,0.0021771541057080753,0.0015321553446043515,0.002664582518894893,0.0015016657417685228,0.004253527947480738,0.0
172,2.867,0.0022989127865146136,0.00515509456751285,0.0071291654490551,0.0007158910531637388,0.005557427462414378,0.010233034740486216,0.0,0.0005244044240856333,0.0011113055385446435,0.0016132265804905941,0.0033615472627943482,0.0016770509831243057,0.0
173,2.883,0.0011895377253371177,0.0030618621784792473,0.004079828427765137,0.0009721111047612232,0.007348469228349556,0.009670315403336242,0.0,0.0025743931323714674,0.0008499999999999685,0.00032015621187189757,0.0036786546453831696,0.0035362409420171713,0.0
174,2.9,0.0013928388277181908,0.0016194134740699932,0.0017284386017440505,0.0019937402037375836,0.007412489460363567,0.00776884804845595,0.0,0.004828560862202671,0.0014790199457746613,0.002086863675471423,0.00296900656786107,0.004955300192723034,0.0
175,2.917,0.0027775888824662746,0.0026282123201902823,0.0059114296071253675,0.0026537709019432898,0.006038832668653813,0.004704519104010353,0.0,0.00636042451413459,0.002751817581163477,0.002658947160061538,0.0032791004864137787,0.004331858723458115,0.0
176,2.933,0.0044342417615641835,0.00349213401804682,0.008407437183826926,0.002604803255526382,0.004484974916317766,0.002627260931084006,0.0,0.006738508737102502,0.004018395202067672,0.0016590660023034975,0.003551760127035648,0.003606937759374593,0.0
177,2.95,0.005790077719685876,0.004339354790749355,0.00834955088612592,0.0019163767896736015,0.0041560197304634835,0.0038668462601971175,0.0,0.005947478457295793,0.00473444822550628,0.0003937003937005789,0.0041424630354418256,0.004574111935665669,0.0
178,2.967,0.006122703651165961,0.00564690180541509,0.006279530237207462,0.002371708245126358,0.004568643124604899,0.005719047123428913,0.0,0.004539823785126438,0.004893873721296751,0.00147139389695615,0.005175664208582282,0.005056925943693058,0.0
179,2.983,0.004864411577981109,0.00655953504449829,0.0030805843601491357,0.003683069372140485,0.004640312489477193,0.006593557461643989,0.0,0.0037593217473369904,0.005284647575761579,0.0021295539439046027,0.005571579668280651,0.004244997055358147,0.0
180,3.0,0.0022901964981196636,0.005930640774823424,0.003553519382246129,0.0038425252113683094,0.004599456489630033,0.005886212704277787,0.0,0.004148493702538209,0.0067403634916819374,0.002463229587350526,0.005182181008031181,0.0030236567265480418,0.0
181,3.017,0.002335058885767104,0.00390192260302525,0.008608280896903549,0.002711549372591204,0.004830113870293512,0.0035281014724630293,0.0,0.004964121271685386,0.007963039620646876,0.0032392128673492207,0.004472415454762742,0.0033652637340931646,0.0
182,3.033,0.0049368512231988855,0.0025129663746258336,0.01364422954952002,0.0014705441169853574,0.0046287147244135525,0.0012459935794376766,0.0,0.005167446177755359,0.00773773222591775,0.0041015241069628765,0.0038272052466519603,0.00443029344400624,0.0
183,3.05,0.005967620966515806,0.0034183329270274323,0.01668607203628245,0.0012658988901169475,0.00379143772202558,0.0043957365708148,0.0,0.004802343178074764,0.006806063473110321,0.004386627406105702,0.003943982758582964,0.0046505376033306725,0.0
184,3.067,0.005226136240091803,0.0037930858150058474,0.01643958636949259,0.0012747548783984914,0.0032179185819408616,0.00680091905553971,0.0,0.0049012753442345515,0.00609446470167728,0.003921734310226451,0.004258520869973389,0.004174625731727108,0.0
185,3.083,0.0038681390874683572,0.0033335416601570434,0.013168617998863612,0.000820060973343631,0.004148795005781643,0.0066258961658028186,0.0,0.006201209559433264,0.0046330335634436615,0.003116889475101756,0.0035302266216213135,0.0041158231254514325,0.0
186,3.1,0.003813135192986886,0.0039022429447686884,0.00840684245124151,0.0018452642087246189,0.0054895354994752964,0.004444659717008818,0.0,0.007538899123876768,0.003383045964807712,0.002574393132371217,0.002129553943905212,0.004708502946797426,0.0
187,3.117,0.005488624600024217,0.00478826690985374,0.0038661996844448626,0.0036609425015969145,0.005745868080629857,0.001945507645834848,0.0,0.007961469713563976,0.00499949997499748,0.002201136070305603,0.002968585521759498,0.004466262419518275,0.0
188,3.133,0.007709409834740699,0.004825712382643707,0.0019874606914350385,0.0050102395152326965,0.004541200281863766,0.002396351393264507,0.0,0.007383935265155387,0.006302380502635537,0.002600961360727413,0.0051841103383319,0.003164253466459325,0.0
189,3.15,0.009146994041760321,0.004281062952118215,0.003397425495872662,0.005537824482592358,0.002827100988645253,0.004893362851863885,0.0,0.005950840276801001,0.005923048201728699,0.003759654239421492,0.006494035725187289,0.0026162950903900204,0.0
190,3.167,0.009304165733691595,0.004086869217383981,0.004306680856529234,0.005087730338765934,0.002559785147233988,0.006240592920548408,0.0,0.004361765697512904,0.0049114661762043885,0.005163574343417725,0.00639785120177123,0.002766315238724514,0.0
191,3.183,0.008316549765377643,0.004874935897014421,0.00454835134966521,0.00390960356046483,0.0034095454242465493,0.005512485827646102,0.0,0.005022947341949764,0.004302615483632974,0.007622335600063697,0.005497499431559061,0.002201136070306266,0.0
192,3.2,0.00708695985596084,0.005824087911424444,0.0047649763902879085,0.0028857408061020054,0.004532383478921331,0.003244610916581835,0.0,0.008072948655850636,0.003937638886439304,0.011187716478352833,0.00467118828565078,0.0019512816301088187,0.0
193,3.217,0.006829531462699186,0.00606094052107431,0.005359804100897521,0.0033369147426933372,0.005694514904712951,0.0029025850547402714,0.0,0.010679068311421269,0.003545772130298628,0.0142643787106205,0.0037423254802329284,0.002948728539557353,0.0
194,3.233,0.007016765636673107,0.005755215026391194,0.006060734278946667,0.004440157654858712,0.005898092912120143,0.004932798394420777,0.0,0.011340855346930596,0.0032611347718241473,0.014819412943838327,0.003401470270339225,0.0038913365313219266,0.0
195,3.25,0.007209368904418815,0.005729310604252594,0.006520927848090364,0.005179285665031433,0.004607873696185524,0.005982265457165982,0.0,0.010156155768793484,0.0030995967479654314,0.012267844146385291,0.003969256857397856,0.0037729298959827077,0.0
196,3.267,0.008210207061944311,0.006570768600399807,0.00670783124415015,0.005371685024273078,0.0032569157188972954,0.005201922721455912,0.0,0.008246362834607711,0.002977414986191894,0.008019039842773865,0.004103961500794107,0.00251296637462582,0.0
197,3.283,0.010298300830719313,0.008416353129473508,0.006786199230791813,0.005237604414233748,0.004827266307134937,0.003251922508302168,0.0,0.0068747727235159515,0.0026462237244797415,0.005137363136863217,0.0025480384612482352,0.0017528548142959762,0.0
198,3.3,0.012901647181658107,0.011233320969330482,0.006545609215344408,0.004746314359585052,0.006563726075941785,0.0032916561181268525,0.0,0.007144753319744674,0.0023313086453751685,0.0056260554565342475,0.00117153745138608,0.002839454172900148,0.0
199,3.317,0.014846969387723726,0.014895385191393891,0.005866856057549053,0.003724580513292969,0.006458521502635175,0.004768909728648673,0.0,0.008981508781936324,0.0023937418407166482,0.005790077719685696,0.0025352514668173843,0.0033811980125392858,0.0
200,3.333,0.014909225331988914,0.01867096676661378,0.00524332909514601,0.0026655205870524186,0.004567822238222771,0.005082814181140319,0.0,0.011644526611245397,0.002757716446627771,0.00450222167379649,0.002423839928708155,0.0029677432503499054,0.0
201,3.35,0.012994614268996552,0.020877080734623757,0.005694295391003089,0.003234965223924686,0.00252239965112586,0.004807546151624685,0.0,0.014444462606826022,0.0034770677301430067,0.0034398401125633965,0.0024525496936858753,0.002502998202156602,0.0
202,3.367,0.010930347661442191,0.020359887033085472,0.007365120501390186,0.004788005847950163,0.004595106092355204,0.005706356105256914,0.0,0.016400076219335157,0.00444606567652773,0.0035249113464028243,0.0035277471564722157,0.0021823152842797657,0.0
203,3.383,0.01090057337941419,0.017489782731640806,0.009198233526063746,0.005354904294196136,0.00762790928105456,0.007713786359499357,0.0,0.01684547416964,0.005463744137493955,0.0037924266637604136,0.003784507894033667,0.0025377155080900686,0.0
204,3.4,0.012478080781915167,0.013979449202311436,0.010238896424908203,0.003927467377331136,0.00947114037484401,0.009948366700116881,0.0,0.015790186826000377,0.006413462403413623,0.003509273429073252,0.002971952220342513,0.0049774491458980715,0.0
205,3.417,0.013684023531111138,0.011413369353525523,0.010645773809357299,0.0028120277381277416,0.010271562685395065,0.011509344029960886,0.0,0.013384412575828206,0.0071709483333795955,0.0023885141824990814,0.002346273641329958,0.00857787852560308,0.0
206,3.433,0.013806791806933274,0.010163660757817435,0.01166104626523715,0.006430007776045353,0.011369916446483077,0.011923715863773367,0.0,0.009954270440368394,0.007930636796626546,0.0017762319668332225,0.003915035121170682,0.011061758449722075,0.0
207,3.45,0.01334372511707279,0.009392150978343863,0.013395894893585775,0.0114787847788868,0.014326636032230236,0.011934089827046055,0.0,0.006686927545592131,0.008770689824637756,0.003563004350263783,0.005060385360819729,0.010963918095279529,0.0
208,3.467,0.012613980339290188,0.008174044286643062,0.014823461134296624,0.016339905140483425,0.01887730118422642,0.01321949318241829,0.0,0.00503463007578552,0.009181911565681825,0.005140282093426527,0.003978064856183152,0.00992131543697694,0.0
209,3.483,0.011488363678087681,0.006437973283572799,0.014871617262423479,0.019126486870305978,0.02369794294870335,0.016052569887715803,0.0,0.0044916589362956035,0.009098488885523661,0.005666789214361484,0.0020024984394496834,0.010743137344370098,0.0
210,3.5,0.010098762300400873,0.005307541803886412,0.013186546174036636,0.01878170652523364,0.028102046188845438,0.02054154327211082,0.0,0.0046532246883205985,0.009227946683850963,0.005736723803705131,0.0034441980198587348,0.014657506609243127,0.0
211,3.517,0.008498529284528824,0.005699780697536101,0.010677663602117967,0.016101707983937803,0.03202065739487549,0.02674513974538164,0.0,0.006092208138269322,0.009916148445843211,0.006123316095058292,0.005883876273342215,0.019630461023623643,0.0
212,3.533,0.00670484899158815,0.006700373123938028,0.008362266439189697,0.01290164718165859,0.03540819114272873,0.03311434734371192,0.0,0.007978721702127657,0.010322548135029279,0.006812121549121527,0.0075226325179425565,0.021273927705057274,0.0
213,3.55,0.005341348144429545,0.007123377008132916,0.006638147331899278,0.010704788648076828,0.03833294927343835,0.03832779670161076,0.0,0.009411694852682215,0.009696391081222062,0.008106478890369327,0.007673982017180114,0.01736764232704011,0.0
214,3.567,0.0046789421881446676,0.006664457967457285,0.005543013620765937,0.009961300115948795,0.04154843559028397,0.04329725741891741,0.0,0.010130893346590699,0.00860464990571984,0.010100618792925455,0.007267220926874169,0.009511309058168655,0.0
215,3.583,0.0041503011938893745,0.006107577261075218,0.005097057974949679,0.009858372076565529,0.045839966186724056,0.04975401993809144,0.0,0.010248292540710998,0.008388235809751562,0.012865554787881962,0.008705170877128241,0.005202163011671068,0.0
216,3.6,0.0035612497806250623,0.0069204407374101815,0.004825194296606139,0.009625097402104247,0.0511289790627582,0.05717941063005111,0.0,0.009722653958668517,0.009403323880415851,0.015789711840308942,0.009971709983749176,0.01198123532862946,0.0
217,3.617,0.00409939019855364,0.008379886634077661,0.004226700841081493,0.008616989033299344,0.05622919615288855,0.06386346764778743,0.0,0.008595638428877717,0.010761737777886745,0.016943804177338945,0.00865072251317731,0.01537741850896969,0.0
218,3.633,0.00593043000127292,0.008796732347866237,0.004539823785126727,0.0073844431069650385,0.05994910341281194,0.0690330536772059,0.0,0.007371058268661286,0.011208032833642044,0.014894378134047648,0.005415948670361984,0.01165482732604826,0.0
219,3.65,0.00751431966315033,0.007874642849044503,0.005650884886457976,0.007458049342824415,0.06147692656598865,0.0729489890265793,0.0,0.006249399971197451,0.010198774436176504,0.010694624818103422,0.0031835514759463402,0.005699342067291136,0.0
220,3.667,0.00790363840265959,0.006481126445302271,0.005810765870347553,0.009130991183874339,0.06066790749646832,0.0761006734529992,0.0,0.005288903478037536,0.007826078200477909,0.007223226425912741,0.004233497372150295,0.007553806987207931,0.0
221,3.683,0.007354080499967559,0.005579874550561138,0.004952524608722594,0.012000624983724442,0.05865502962236049,0.07927750311406136,0.0,0.004853091798019109,0.0042193008899577,0.006198386886924806,0.005143199393374258,0.008455767262644168,0.0
222,3.7,0.0066828137786414405,0.005162848051221431,0.004384917331034022,0.015561249949795604,0.057368872221789116,0.08395684903568015,0.0,0.004958326330527361,0.002241093483101447,0.008073103492461839,0.00473840690527887,0.005507040947732301,0.0
223,3.717,0.006355509420966862,0.005080600358225319,0.004605702986515934,0.01853901291870754,0.05803819862814491,0.09022743485215565,0.0,0.005528336096873915,0.007054254035686568,0.011573569026018056,0.004288647805544438,0.004769433928675303,0.0
224,3.733,0.0060675365676687845,0.005564845011318801,0.005389805191284385,0.01916122386487861,0.05975627582103824,0.09638133896144002,0.0,0.006176771001097356,0.01060671956827391,0.013828683957629637,0.008549415184677887,0.008222378001526962,0.0
225,3.75,0.005790293602227272,0.006423005527009796,0.0074873226189338515,0.016863718451160067,0.06104959049821744,0.100825629182267,0.0,0.00712127095397987,0.01081075853027915,0.013732807433296133,0.016996764397966845,0.010326301370771715,0.0
226,3.767,0.00621389571846899,0.007368853370776584,0.010485466131746932,0.012887590930814397,0.06122950677573687,0.10347538354603968,0.0,0.008364508353752938,0.008390619762568031,0.012081183716838324,0.02702706976347985,0.013781600052243437,0.0
227,3.783,0.007592430440906648,0.008401487963450664,0.012990092378423756,0.008942734481130756,0.06011278982047005,0.10574484621011086,0.0,0.009374166629626354,0.006728484227521611,0.009448015664678082,0.03525535420329822,0.018644436167393197,0.0
228,3.8,0.009506050704682401,0.009611711606159805,0.013553136168429668,0.006317831906595292,0.05728326544463058,0.10924295171771946,0.0,0.009789407540806845,0.00728937583061901,0.005996874185773796,0.03736596044530356,0.018644436167393315,0.0
229,3.817,0.011470178725721562,0.01066395798941463,0.01123721495745302,0.005259752845904337,0.052249665070696415,0.11481797550906397,0.0,0.010064914306639808,0.007737893770270302,0.0033634060117686015,0.030277301729183033,0.01202050331724937,0.0
230,3.833,0.012456624743485176,0.011260661614665782,0.006600946901770701,0.0049774491458978885,0.0450162748347748,0.1216811098733078,0.0,0.010956390829099938,0.007688627966028755,0.005513846207503737,0.016797990951301106,0.006435837163881213,0.0
231,3.85,0.011836490189241005,0.011189615721730007,0.0023010866998009398,0.00455439348322014,0.03652677100429219,0.1277194875498645,0.0,0.013252263957528146,0.007904903541473647,0.010270710783582417,0.006784725491867728,0.010933777938114338,0.0
232,3.867,0.01014852205988636,0.010473896123219908,0.005403008421240733,0.004054010360124981,0.028405281199100973,0.13113821906675416,0.0,0.0164928014600315,0.008722671609088099,0.01552103411503222,0.007369192628775496,0.01581905496545237,0.0
233,3.883,0.008347005451058829,0.009372699717797568,0.008482629309359046,0.004043204174908803,0.021870185184401505,0.1316383682670064,0.0,0.01887915517177645,0.009907825190222453,0.019712052150905133,0.008474963126763132,0.018535101834087662,0.0
234,3.9,0.007421253263431984,0.008373917840532786,0.008904493247793622,0.004448876262608033,0.017272304420661688,0.12966360322002468,0.0,0.018646380345793665,0.0110373230450146,0.021104857260829637,0.0085154271766015,0.01905157473806309,0.0
235,3.917,0.007755804278086724,0.00814202063372508,0.007207808266040207,0.005266402946984246,0.013937359864766265,0.12505601744818207,0.0,0.01566724289720408,0.011528768364400723,0.019378144906053277,0.00799593646798237,0.017700706200601334,0.0
236,3.933,0.008509994124556743,0.008658377446150157,0.006357279292276629,0.006934515123640652,0.010819658035261595,0.11765254990861862,0.0,0.011515532988098598,0.010831089511216942,0.015876633774198203,0.008232405480781359,0.015076305913584834,0.0
237,3.95,0.008568838894506605,0.00899972221793535,0.008477322690567451,0.009716738135814985,0.007505331438384269,0.10843031172140008,0.0,0.007858434958692163,0.008980395314238476,0.01256234452640108,0.009963684057616117,0.011888755191356133,0.0
238,3.967,0.00795754359083264,0.008906317982196632,0.010720541031122677,0.013047126120338023,0.005280388243301936,0.09923376441514242,0.0,0.005653538714822907,0.006611731996988747,0.010612374852030095,0.010284940447080889,0.009041847156416715,0.0
239,3.983,0.0076715383072755656,0.008947345975204007,0.011266543391830298,0.015430894335714873,0.005607584150059863,0.09139673134199056,0.0,0.004444378471732626,0.004548076516506186,0.01005609268055932,0.00747395477642152,0.007599671045512508,0.0
240,4.0,0.00826392763763074,0.009656862844630446,0.010392545405241593,0.01552787815511168,0.007396451852070715,0.08518804200121036,0.0,0.003885228436012586,0.003138869223143645,0.01041801324629624,0.008872851852701943,0.007506330661514536,0.0
241,4.017,0.009152322109716143,0.011009427778045172,0.009150273219963957,0.01341519660683356,0.009345319684205614,0.08023895562630419,0.0,0.004961098668642316,0.0022158519806161955,0.01115280233842585,0.01287381062467542,0.00763364264293204,0.0
242,4.033,0.00941966029111473,0.011871920653373433,0.008304516843260785,0.010730447334570997,0.01078946245185574,0.07553697769966713,0.0,0.006671956234868122,0.0019006577808747798,0.011610986176893148,0.012537244513847561,0.006920982589198996,0.0
243,4.05,0.008483071377750008,0.01152063366312855,0.007813289960061793,0.00899499861033898,0.012323148948219249,0.06984391526826075,0.0,0.0072543090642733865,0.002680018656651586,0.010869452608112213,0.008942175350550852,0.004449157223565351,0.0
244,4.067,0.006604543890383237,0.010296965572439,0.007186445574829834,0.008623369411082528,0.01482641224302084,0.06258923629506923,0.0,0.006092002954694517,0.003476708213238482,0.008656933637264382,0.00528251833882286,0.001106797181059256,0.0
245,4.083,0.004750263150605651,0.008734987120769144,0.006653946197558549,0.008740280315871075,0.017884280807457492,0.05442954161115088,0.0,0.004377784827969144,0.0034245437652329785,0.005528788294011905,0.003610401639707237,0.0020273134932715306,0.0
246,4.1,0.003976807765029963,0.006916285130039367,0.006946401946332319,0.007867814181842622,0.02008369985834277,0.04675740583052057,0.0,0.004610043383743389,0.0026291633650266668,0.003501785258978242,0.004274634487298316,0.00296057426861788,0.0
247,4.117,0.004088092464707244,0.004902295380737027,0.007875912645528933,0.0060210048995160675,0.02061146525601737,0.040837054252235265,0.0,0.006919898843191406,0.0023853720883754,0.00438263619297766,0.005208886637276654,0.0036925600875273045,0.0
248,4.133,0.0038464269133829275,0.003327536626395547,0.008309332103123662,0.005242613851887223,0.019914379227081152,0.03721535301458253,0.0,0.009169651029346946,0.003089498341154644,0.005558102194094919,0.005061126356849833,0.005010488998091994,0.0
249,4.15,0.002833284313301501,0.002433618704727761,0.007470776398741662,0.00682367203197766,0.018862197645025218,0.03556789282484964,0.0,0.009936548696604585,0.0035053530492661963,0.005650884886458044,0.0038990383429760305,0.005561924127494021,0.0
250,4.167,0.002238302928560299,0.0023669600757087418,0.005434611301647895,0.008847315977176461,0.01743695787687743,0.034851040156643864,0.0,0.008901404383579196,0.00322063658303809,0.004749210460697567,0.002223735595793779,0.005188689622630761,0.0
251,4.183,0.0032113081446660946,0.0033128537546955727,0.0033845236001540805,0.010273022924144701,0.015357245846830602,0.0335242076714723,0.0,0.006706899432673854,0.0025627134057478063,0.003292795165205394,0.0016109003693583826,0.00400593309979063,0.0
252,4.2,0.004519402615390766,0.004035777496344292,0.004107919181289253,0.010881521033384852,0.01321864213904024,0.03053235988259018,0.0,0.004186287137786712,0.002152905014160907,0.0018055470085267897,0.003479224051423377,0.002143011899173975,0.0
253,4.217,0.005166478491197124,0.003732626421167764,0.005449311883164807,0.010753255321064619,0.011350000000000148,0.026134699156485412,0.0,0.0018124568960395456,0.002931723042853504,0.0009219544457292699,0.004780428851055153,0.001016120071644975,0.0
254,4.233,0.004882878249556579,0.002881405906844947,0.005654423047490944,0.009704251645541737,0.00959348737425516,0.02125476417182744,0.0,0.0005244044240856796,0.004272587038317328,0.0016837458240481894,0.004816118769299488,0.0023270152556441365,0.0
255,4.25,0.004093287187579342,0.002272113553499562,0.0048409709769837135,0.007426472917879388,0.00795141496841949,0.01676983899743835,0.0,0.0017051392904982804,0.004951262465271541,0.003118092365533994,0.004096950085123999,0.004245291509425103,0.0
256,4.267,0.0037286056375004555,0.0019377822375067407,0.0035545745174353424,0.00460434577328868,0.0063547226532713885,0.01320710036306227,0.0,0.002205674500010665,0.0042343830719480035,0.004642467016576388,0.0035273928048911024,0.0065180518561914445,0.0
257,4.283,0.0038108398024582456,0.001713184169901218,0.003023243291566359,0.002729010809799437,0.00522733201547378,0.010535060512403358,0.0,0.0022242976419536192,0.0024418230894148628,0.00575086949947558,0.003181587653986879,0.00827194052202992,0.0
258,4.3,0.0038065732621347633,0.0018907670401192168,0.0037689521090081405,0.0036403983298534826,0.0060259853965970705,0.008589237451601997,0.0,0.002523390576189442,0.0033094561486746296,0.005883026432033189,0.0026911893281595413,0.008420213774008384,0.0
259,4.317,0.0037050641020096907,0.0027572631357925224,0.004789050010179097,0.005144657422997233,0.008743283136213623,0.008020442631177049,0.0,0.003044256887977538,0.005659726141784304,0.005403239768879399,0.0019912307751740834,0.006919176251549041,0.0
260,4.333,0.0035252659474146013,0.0037619808611954017,0.005538275905008945,0.005784894121762052,0.010887837250804108,0.009126198551423177,0.0,0.003253075467922661,0.006654321903845219,0.0052588021449755835,0.0012298373876254032,0.004589662296945235,0.0
261,4.35,0.003291656118126494,0.004441002139157385,0.005586591089385341,0.005524038377853608,0.011285610306935069,0.011230761327710052,0.0,0.003390427701632998,0.0059373815777672475,0.005729965095879631,0.0005049752469181692,0.002052437575177099,0.0
262,4.367,0.002779838124783158,0.004510820324508886,0.00484097097698344,0.0045937457482980995,0.010536840133550595,0.01326291823091754,0.0,0.0037114687119786183,0.0042819388132015485,0.006521119535785291,0.0006184658438426618,0.0008645808232895571,0.0
263,4.383,0.0018034688796872086,0.004115215668710929,0.0036585516259857054,0.0032446109165815322,0.009718796221754812,0.01395259832432688,0.0,0.003456877203489041,0.0027317576759288394,0.006990350491928185,0.0010416333328000255,0.0032388269481401126,0.0
264,4.4,0.0013738631664033938,0.0037299463803115,0.002713392710243386,0.0020645822822054154,0.008905756565278158,0.012764109839702805,0.0,0.0026009613607281146,0.0024212600025604165,0.006080090459853572,0.0012247448713920434,0.004714339826529216,0.0
265,4.417,0.0020236106344847598,0.004213371571556247,0.002433618704727539,0.0013573871960497414,0.007708599094518347,0.010519862166397354,0.0,0.0026205915362756136,0.00352632953650127,0.003958219296602941,0.0012389511693361138,0.004712218161333691,0.0
266,4.433,0.002510975905897987,0.005251666402200333,0.0025475478405711962,0.0014739402972982223,0.006448837104471019,0.008031500482475279,0.0,0.004135214625627071,0.0043754999714319875,0.0025758493744778453,0.0009539392014162412,0.0034179672321422274,0.0
267,4.45,0.002710627233686845,0.005917981074657126,0.0025228951623084894,0.0014044571905186005,0.005620275793944734,0.0053009433122794755,0.0,0.005624499977775671,0.0043107423954580545,0.003203903868720022,0.0005220153254455178,0.001962778642639085,0.0
268,4.467,0.0024723470630152013,0.005991243610470091,0.00238537208837531,0.0009420721840708048,0.005552026656996847,0.0026438608132805007,0.0,0.006160154218848714,0.0036952672433803444,0.004492215489043214,0.0003162277660167153,0.0015858751527155226,0.0
269,4.483,0.0016628289148311489,0.0053162486774042585,0.002595187854472316,0.0012196310917646793,0.0057632456133671385,0.0020229928324144264,0.0,0.005780354660399256,0.0031507935508376063,0.005327757501989402,0.0013601470508729455,0.0013435028842542578,0.0
270,4.5,0.0010024968827882167,0.004413048832723429,0.0036813720268401295,0.0017363755354186257,0.0053040079185457285,0.0034536212878661554,0.0,0.0046642255520078,0.002968164415931388,0.005334088488205043,0.0028640006983237437,0.002530316185775934,0.0
271,4.517,0.002194310825748954,0.0042396933851393,0.0054509173539872835,0.00233130864537559,0.004309002204687373,0.004659130820228166,0.0,0.0031124748994970446,0.0029440618200032467,0.004450280890011118,0.004740516849458721,0.004504164739438303,0.0
272,4.533,0.003692560087527391,0.004406812907306606,0.006829714488907984,0.0033117216066562627,0.0033604315199094958,0.0053698230883335646,0.0,0.0016830032679706678,0.002623928352680264,0.002799107000455725,0.006707831244150745,0.005459166603063518,0.0
273,4.55,0.004296801135729108,0.0040168395536792625,0.006664270402677255,0.00447520949230279,0.0028482450737249677,0.006266976942673386,0.0,0.0010404326023341942,0.0023695991222148216,0.0010074720839803447,0.008222073947611916,0.0046168170853957075,0.0
274,4.567,0.003882653731663936,0.0034528973341239623,0.0049974993746872655,0.0051626059311171485,0.002593260495977962,0.007627745407392598,0.0,0.00169926454679677,0.0030467195473169667,0.0019811612756155087,0.008243482273893632,0.002354782367863136,0.0
275,4.583,0.0028075790282732736,0.0031941352507372767,0.003134086788843024,0.004527140377765688,0.0029820295102497953,0.00937456665665142,0.0,0.0030450779957167003,0.004519402615390241,0.004238808794932366,0.005637375275782245,0.0012051970793192732,0.0
276,4.6,0.001755704986608004,0.0030045798375147336,0.0024140215409147944,0.0026386549603915352,0.005085272854036288,0.011367827408964321,0.0,0.004988987873306918,0.00594852922998549,0.007873055315441255,0.005048762224546078,0.004278434293056215,0.0
277,4.617,0.0019754746265134423,0.00231408729308052,0.002780737312296856,0.001365650028375032,0.008657222418304841,0.013532368602724412,0.0,0.007481310045706781,0.006719188939149995,0.012342406572464104,0.009938435490558329,0.0076560433645587065,0.0
278,4.633,0.00341540627158699,0.0009695359714825607,0.003212475680841997,0.003203903868719901,0.012292375685765466,0.015254589473335594,0.0,0.009763324228970171,0.006589764790946738,0.015469405289150626,0.012604959341465483,0.010791779278691457,0.0
279,4.65,0.004866723743957597,0.0010523782589923613,0.003616973873280854,0.005146357935472231,0.014484301847172195,0.015981395433440723,0.0,0.010944976016419678,0.005754563406549996,0.01570501512256492,0.01188496949933017,0.012931647226861308,0.0
280,4.667,0.005490673911279577,0.002108909670896158,0.004619523784980234,0.00613432962922642,0.014270336366042835,0.015939651815519713,0.0,0.010415133220463547,0.00468508271004958,0.013269325529204816,0.009254323313997493,0.013121356637177343,0.0
281,4.683,0.004999249943741756,0.0027955321496988764,0.006692906692910735,0.005662817320026518,0.011905565925230243,0.01569291241293342,0.0,0.00797715488128456,0.003836013555763305,0.00947074442691826,0.00624379692174548,0.010726718976462732,0.0
282,4.7,0.003685444342273541,0.0032426840734179345,0.009011797822854477,0.003824591481452556,0.009027873503765818,0.016364214004956107,0.0,0.0044570169396129684,0.003367491648096548,0.0058798384331540865,0.0035951356024493883,0.006322380880649648,0.0
283,4.717,0.0030797727188871197,0.003571414285685969,0.010649647881502591,0.0023393375130579134,0.007288861365124128,0.019065282583796153,0.0,0.001851350858157345,0.0036311155310730235,0.004072161588149283,0.0018674849396986765,0.0016874537030685164,0.0
284,4.733,0.004430575583375138,0.0036776351096867903,0.010941206514821802,0.005378196723810156,0.007269112738154613,0.024063977227382828,0.0,0.0009565563234848212,0.0039909272105615205,0.0039261940858804825,0.00224777667929944,0.0020161845153658176,0.0
285,4.75,0.007117583859709005,0.0035163901945029904,0.009686330574577929,0.009364427371708041,0.008189169677079644,0.03037647115778918,0.0,0.0011811011811020716,0.003629393888791929,0.0044028399925504684,0.003323025729662463,0.0038046024759492625,0.0
286,4.767,0.009589316972548573,0.003833079701754639,0.007387320217779003,0.011697649336511625,0.008810646968299248,0.0369435718359771,0.0,0.003837642505496738,0.0030987900864686514,0.0056789083458003075,0.0036006943774776136,0.004670117771534457,0.0
287,4.783,0.009953140207995047,0.005463286556643567,0.004750263150605722,0.011236102527122512,0.008210663797769312,0.042864437474437966,0.0,0.006666708333203625,0.004143066497173249,0.007987020721144954,0.002951694428629257,0.005525622136918084,0.0
288,4.8,0.007877340921909963,0.007233602145542667,0.002724885318687836,0.008747713987094285,0.006416580085995979,0.047527097533933235,0.0,0.00862800672229749,0.005712705138548584,0.010087740083884137,0.0019906029237394002,0.006473214039408802,0.0
289,4.817,0.004618170633486464,0.007837250793486275,0.002406241883103298,0.006396092557178949,0.004351436544407013,0.05081252306272533,0.0,0.009205025801157863,0.006325543454913555,0.010536721501491705,0.001572418519351508,0.0070062472123097646,0.0
290,4.833,0.0022388613177239413,0.007164146843832958,0.0022299103120977668,0.005741733187809834,0.0027436289836636806,0.05284110615799028,0.0,0.008698706800438015,0.005996874185773974,0.008822272949756106,0.0031484122982861334,0.006561440390645873,0.0
291,4.85,0.002051828452868362,0.006188295403420676,0.0013619838471876358,0.005786622503671672,0.0022655021518418806,0.05441249856420854,0.0,0.007531766061157666,0.005286303056011844,0.005439439309340246,0.0049005101775222906,0.004661008474568544,0.0
292,4.867,0.00277848879788999,0.0056466804407540915,0.0007842193570681065,0.006257195857570738,0.0021224985276790155,0.05622039220781017,0.0,0.006092002954694122,0.004714074670600428,0.003721894678789384,0.005804524097633014,0.00209165006633514,0.0
293,4.883,0.004391753636077659,0.005652433104425321,0.0018445866745692256,0.00837167844580765,0.0024469368606480912,0.05887728764133079,0.0,0.005286066590575799,0.005213923666491675,0.006193746846618612,0.005853631351563047,0.0016408839081419025,0.0
294,4.9,0.006133922073192358,0.006423589339302559,0.003195700236254968,0.01161776656677179,0.004388621651497882,0.06303017134674473,0.0,0.005539404300103092,0.007338426261808529,0.008022468448052858,0.005539629951540297,0.0019754746265140703,0.0
295,4.917,0.007026200964959962,0.007931897629193515,0.004038873605351037,0.014323581954245788,0.00709542105868276,0.06894392649102603,0.0,0.006568104749468769,0.009270787453069987,0.008346406412343209,0.005086501744814296,0.0015779733838062703,0.0
296,4.933,0.007220976388273421,0.00969922677330558,0.0038360135557634232,0.015710108210957294,0.010231080099383626,0.07604145251111398,0.0,0.007816648898345265,0.00947021647059952,0.00822085761949407,0.004627364260569708,0.0022836374493339683,0.0
297,4.95,0.007490827724623672,0.011035057770578355,0.0028748913022930865,0.015513703619703167,0.012869537676233766,0.0826101386029584,0.0,0.008738420909981833,0.008743569065319111,0.007760959992165688,0.004233792626003201,0.003674914965002542,0.0
298,4.967,0.0077129760793096,0.011564709248398478,0.0016985287751463216,0.013407926759943591,0.013761813107290743,0.0871133026580901,0.0,0.009041847156416295,0.008594474969420396,0.00636494304766335,0.0040252329125157965,0.00517421491629423,0.0
299,4.983,0.007304279567486994,0.010969161317074257,0.0019968725547715093,0.009900631293003743,0.012525374245905788,0.08953686391648974,0.0,0.008409072481552569,0.008410410215916824,0.004360045871318573,0.004392038251199721,0.006978717647247479,0.0
300,5.0,0.006534141106526732,0.00912304773636545,0.003619392214170281,0.006559916158000592,0.010502499702451798,0.09074764459753207,0.0,0.006911765331665255,0.007204512474831511,0.004645965992126875,0.00577948959684174,0.007981384591660631,0.0
301,5.017,0.006459682654743659,0.006642853302609697,0.0049834726847856415,0.005313661637702988,0.009279143279419625,0.0912033990594649,0.0,0.004977198006911085,0.005423559716643767,0.0079978122008458,0.008411004696229784,0.006932892614198122,0.0
302,5.033,0.007498833242577715,0.004249705872174324,0.005829451089082537,0.0050144790357520615,0.009540047169694664,0.09070803437402888,0.0,0.0033959534743573947,0.004207433897282026,0.011492280017472703,0.01242014492669057,0.004779382805342281,0.0
303,5.05,0.009042261885169668,0.0025855366947695386,0.006304561840445184,0.0036311155310727455,0.011058480908334316,0.08891997807017266,0.0,0.0028718460961548453,0.003800986713999213,0.01402399729035909,0.017309823800373984,0.007755320754166185,0.0
304,5.067,0.010156894210338836,0.002779838124783531,0.005964478183378202,0.0017073371078969465,0.012837834708392342,0.08633450932274997,0.0,0.00288140590684455,0.003580851853958936,0.014993998799519802,0.021138472035603647,0.013294641777799114,0.0
305,5.083,0.010025093515774124,0.004081053785482399,0.005769965337850984,0.0008440971508068192,0.014208800090084829,0.08383646283091858,0.0,0.00366708330966164,0.0035103418636938913,0.013966477723463572,0.021638160735145684,0.016908947335656364,0.0
306,5.1,0.008825814410012754,0.00523187346941804,0.00783374112413732,0.0018553975315280693,0.015103310895297435,0.08200970979097535,0.0,0.005415025392369065,0.0042444080859410024,0.011316691212540432,0.01852012418964843,0.017617179115851582,0.0
307,5.117,0.007511824012847361,0.006347637355741091,0.009851649608060462,0.003724580513292754,0.015468839646205355,0.08126801338780222,0.0,0.007181921748390346,0.00485643902463502,0.008175879157619421,0.013436982548176706,0.01659939757943054,0.0
308,5.133,0.005986860613042606,0.007318811378905825,0.009927109347640151,0.005993746741396422,0.0152563101698938,0.0818066317605119,0.0,0.00825953993876234,0.0047130138977094045,0.005804093383121998,0.00857744134343123,0.015551366499443314,0.0
309,5.15,0.004266438795998997,0.007725606772286697,0.008662851724461235,0.007930163932731816,0.015073237873794566,0.08289368190640349,0.0,0.00860305178410532,0.004221966366516795,0.004727049819919874,0.005691440942327226,0.014959361617395436,0.0
310,5.167,0.003958219296603297,0.007112313266441369,0.007090310289401783,0.009287087810503088,0.016167018896506347,0.08317386909360415,0.0,0.008650289012512346,0.004190763653559379,0.004674933154602359,0.0050044979768202385,0.013764810205738238,0.0
311,5.183,0.004644889664996951,0.005357238094391552,0.005812916651733018,0.010207227831296841,0.018916196763620403,0.08145567813234382,0.0,0.008809228116015637,0.004306390600027322,0.00542908832125611,0.004988486744495041,0.009669927610897822,0.0
312,5.2,0.0049792067641341335,0.003865876356016015,0.004819751030913905,0.01053351793087227,0.02158384812770872,0.07721196474640439,0.0,0.009547381840064702,0.0041683330001335,0.006701678894128223,0.004734448225506459,0.003939860403618338,0.0
313,5.217,0.005061126356849598,0.0052796780204857514,0.0035927009338377475,0.009751025587085512,0.022967259305367686,0.07161358111419931,0.0,0.010487373360379238,0.0045571372592885856,0.006666708333202853,0.005035374861914959,0.014370542787243633,0.0
314,5.233,0.004911720676097279,0.008100308636094527,0.0033604315199096237,0.008108791525251994,0.024502959004985655,0.06647920727565879,0.0,0.010414533114835001,0.005811196090306573,0.00405616814247129,0.0060259853965973385,0.025116777261424354,0.0
315,5.25,0.004769433928675854,0.010225580668107824,0.005335962893424424,0.00682898235464114,0.02712309901172786,0.06285133252366257,0.0,0.008678853610933557,0.00650884014245288,0.003478864757360059,0.006604733151308839,0.02722760547679514,0.0
316,5.267,0.004708237462151073,0.011213942214939945,0.007510159785251012,0.006513447627793131,0.029588384545290836,0.06062074727352028,0.0,0.0060510329696673686,0.006173127246380234,0.009327513066193078,0.006050206608042501,0.020142182106216416,0.0
317,5.283,0.005071735403192614,0.011465818767101175,0.008789766777338337,0.006365924913160925,0.030886121478748522,0.058966028355316585,0.0,0.004101828860398807,0.00569978069753548,0.014115948427222292,0.005337134062396942,0.01308969059985698,0.0
318,5.3,0.006832642241475865,0.010930462021341455,0.00891880036776254,0.006124744892646487,0.030890896717317668,0.057855552888205965,0.0,0.003151983502494928,0.005907833782360525,0.015428625991967024,0.006483440444702204,0.017382030951531954,0.0
319,5.317,0.009676517968774017,0.009691491113343218,0.007959585416339487,0.006489607075932814,0.030409085813289483,0.05752645043803767,0.0,0.0027285527299281695,0.006551908119013888,0.012786125292675754,0.007513155129504491,0.02323418817174395,0.0
320,5.333,0.012385273513329558,0.008151840283028091,0.007286288492778023,0.007230836742729009,0.03078408679821435,0.05768390156707496,0.0,0.0029368350311182725,0.007036511919978573,0.008200304872381298,0.0061941504663676015,0.024195609105785845,0.0
321,5.35,0.013715957859368813,0.006809184973254014,0.007372414801135232,0.007862728534039862,0.032197709545867,0.0574738201270803,0.0,0.0037543308325189576,0.007060453243241511,0.004833994207691916,0.003643144246389303,0.019934768621681913,0.0
322,5.367,0.01295964891499779,0.006588057376799954,0.006364353855656218,0.00833036613841157,0.03335000000000033,0.05588481457426519,0.0,0.005243329095144896,0.006940100863820452,0.0034354766772602013,0.002342541355024143,0.01266283933405156,0.0
323,5.383,0.010785870386761551,0.007696914966401392,0.003989047505357196,0.008732124598286633,0.03369462123247507,0.052707874174548225,0.0,0.007386135660817493,0.007185227901743892,0.003737980738313076,0.003873628789649185,0.00516792995308606,0.0
324,5.4,0.008276170612064405,0.009083776747586243,0.0032653483734513228,0.00895795735645164,0.03363602978949788,0.04902614098621271,0.0,0.009455421725126749,0.007611175993235257,0.00490662817013899,0.006135348400865018,0.00425910788780935,0.0
325,5.417,0.006052685354451514,0.009634443419315145,0.006542744072635235,0.008433267456922692,0.033109817275243446,0.045918133672874846,0.0,0.010752906583802742,0.00742798761442169,0.004918078893226544,0.008009057372750004,0.008721668418370472,0.0
326,5.433,0.004702393007820369,0.009321212367498432,0.010359536669175683,0.007126184112131759,0.03200503866581036,0.04326086568713115,0.0,0.011413150310059345,0.006049999999999944,0.0035178118198675745,0.00877695847090563,0.011453929456740933,0.0
327,5.45,0.004274049601958438,0.009025242379017653,0.013266310715492726,0.005962172422867219,0.030787903468732378,0.040320621274975474,0.0,0.011831525683528764,0.004186585721085866,0.002308137777516836,0.00818916967707959,0.012903972256634493,0.0
328,5.467,0.00477781330736234,0.008738706998178095,0.014572148091479397,0.005852349955360265,0.02993810281230227,0.0368705166766076,0.0,0.011873921003611341,0.004995247741603925,0.0024586581706286946,0.007359687493365699,0.013852436608770408,0.0
329,5.483,0.0063702433234533885,0.00791912242612708,0.014232533154712639,0.006838311195024848,0.029311559153344748,0.03362952571773789,0.0,0.011484446003182413,0.0075455284771847615,0.002571964229922384,0.007958957218128199,0.0134718224453858,0.0
330,5.5,0.00815122690151556,0.0066509397832185315,0.012770082223697417,0.007917385932238041,0.028640443432321486,0.03189451363479315,0.0,0.01090252264386498,0.008561979911212235,0.0036626493143629753,0.008915436052151515,0.010419932821280864,0.0
331,5.517,0.009156964562560599,0.005601115960235477,0.010840318261010558,0.008284020762890462,0.027874719729532704,0.032599923312793336,0.0,0.010558645746496223,0.007760637860381671,0.006148780366869518,0.008091198922286068,0.005637597005817671,0.0
332,5.533,0.009091479527558132,0.005690782020074601,0.008540199060911904,0.007887648572293045,0.02756714530015789,0.035333907228043526,0.0,0.010484989270381011,0.006481705022600129,0.008970785918747434,0.005720358380381417,0.0034543450898835088,0.0
333,5.55,0.00823468275041633,0.007915964881175167,0.005829451089081882,0.007146502641152679,0.02830454910434004,0.03821939952432534,0.0,0.00999824984684751,0.005918192291570288,0.011174077143102121,0.0036076308015093083,0.0036800135869316567,0.0
334,5.567,0.006981940990870732,0.0104706733307835,0.004195533339159574,0.006582172893505378,0.029533159329810744,0.03920704656053549,0.0,0.009042261885170226,0.006354132513569359,0.011682893477216828,0.0033083228379346694,0.00386425930806912,0.0
335,5.583,0.005888972745734423,0.011022023407704595,0.004241167292149955,0.006153048025165879,0.030141167860585665,0.037243455800986126,0.0,0.008499852939904615,0.007395606804042915,0.009972712770355196,0.0038723377951827564,0.004561523868182717,0.0
336,5.6,0.005881538914263765,0.009615222306322509,0.005708327250605172,0.006017059082309221,0.02926777237850494,0.03278543884104655,0.0,0.008458279966990572,0.008528481693713215,0.006768123816834752,0.0046270941205037545,0.004462622547337143,0.0
337,5.617,0.007124780698379303,0.00801654539062906,0.009216018663175875,0.0065732412096319295,0.026786610461198263,0.027337382830109974,0.0,0.00876327564327447,0.008719661690685191,0.004028957681584455,0.005218716317256519,0.004693080012102669,0.0
338,5.633,0.008479091932512624,0.007335189159115314,0.011424206755831856,0.007733530888281446,0.023191000409642257,0.022335006156256415,0.0,0.009681038167470157,0.007817448432832634,0.004676804464588553,0.005231156659860155,0.0055724770075790174,0.0
339,5.65,0.009311954682020196,0.007306846104852124,0.011000113635776644,0.008602761184642368,0.01941494269885933,0.01832614252918504,0.0,0.011020548988139834,0.006644170377105157,0.007494998332221214,0.0046059743811706745,0.005960914359391516,0.0
340,5.667,0.009720210903061018,0.007970100375779665,0.008735273321425131,0.008406247676580065,0.01610589954023013,0.014895049513177123,0.0,0.012006456596347645,0.005305892950295836,0.009518009245635548,0.0033933759001913604,0.006107781921451023,0.0
341,5.683,0.009698066817670313,0.00936482781475426,0.006806981709979533,0.007687815034195286,0.013468760150808345,0.011588356225107935,0.0,0.012329740467665651,0.0036541072781178657,0.00922537262120082,0.002001249609618781,0.00660378679243942,0.0
342,5.7,0.009245809861770246,0.01088404796020313,0.008544735221175591,0.006579513659837788,0.011933566105737366,0.00977484015214588,0.0,0.012003124593205313,0.004879292981570639,0.007101584330274211,0.00202113829314044,0.007025133450689194,0.0
343,5.717,0.008836854644046434,0.011730941991161866,0.009787364303018195,0.004764714052280934,0.01176445918859014,0.010732427498008382,0.0,0.011166915420115102,0.008339814146610277,0.00501073846852922,0.003438749772810365,0.006599052962357717,0.0
344,5.733,0.009134139258846413,0.011598383508058138,0.007603288762108092,0.0029129023327256944,0.012337443008986692,0.012300508119586079,0.0,0.009757817378901672,0.010730913288252725,0.003808214804866472,0.004341082814229687,0.005487713549375456,0.0
345,5.75,0.010206615501722138,0.010630498577206904,0.004488039661144546,0.002030394050424865,0.012825852798157305,0.012864194494798135,0.0,0.007559761901012397,0.011149215219018706,0.0030667572450396572,0.004276973228814987,0.00467493315460214,0.0
346,5.767,0.010933434958877213,0.009133044399322755,0.006293846200853262,0.002699536997338563,0.012901647181658893,0.013240657083392752,0.0,0.004777290026783053,0.010319156942308757,0.0032144206320891106,0.00415060236592227,0.005362135768516159,0.0
347,5.783,0.010387612815272106,0.007781066764911219,0.009913248710689729,0.004853349358947996,0.012331058348738698,0.01526024246203188,0.0,0.0020796634343087234,0.009286280202535456,0.00429563732174843,0.004790354892907088,0.006040281450396136,0.0
348,5.8,0.008820572543775121,0.0072823416563631395,0.012626163312741034,0.007560092592025608,0.010766847263707389,0.017987078695552508,0.0,0.0018062391868187838,0.008109562256990095,0.00534181617055458,0.005506813960903316,0.0049814656477789945,0.0
349,5.817,0.006989456345095642,0.00725068962237348,0.014354528902057642,0.00980012755018982,0.008738134812418395,0.01924194636724668,0.0,0.0024647515087732772,0.006768493185340328,0.005554502678008226,0.0054701462503298085,0.0024989997999200556,0.0
350,5.833,0.005694075868830676,0.007003748996073238,0.014566485506119654,0.010891625223079054,0.0070707142496359895,0.018028935076703747,0.0,0.0027950849718747384,0.005976621118993606,0.004288939262801626,0.004538997686714071,0.001824143634695616,0.0
351,5.85,0.005366796064692464,0.006513255714310772,0.012430004022525375,0.010698130677833356,0.005411561696959748,0.01486632099747613,0.0,0.004456736474148178,0.0062359842847778905,0.002275961335348326,0.0036834087473424206,0.003747665940289251,0.0
352,5.867,0.004903570127978239,0.006269968101992719,0.008514986788010971,0.010145688739557929,0.0038029593739613396,0.010924856978468938,0.0,0.007216820629612696,0.006589764790946737,0.003236124225057014,0.004180011961705244,0.004717255558054531,0.0
353,5.883,0.0034499999999999483,0.007086783473480743,0.0055915114235778884,0.009997124586599855,0.004833994207692129,0.006803308018897993,0.0,0.00978238212297982,0.006286692294044969,0.005377964298877593,0.005302357966037555,0.004351149273467667,0.0
354,5.9,0.0022371857321199394,0.00935053474406669,0.005906775770248904,0.009422048609511667,0.007089076103413956,0.003068387198513267,0.0,0.011242553090824003,0.005601339125602014,0.005967202024399517,0.0058292366567164,0.003326033673912848,0.0
355,5.917,0.0033771289581538324,0.011469960767151765,0.008929165694509187,0.007474289263869926,0.007859707373686816,0.003647601951967853,0.0,0.010859788211562915,0.0050668037262167126,0.004786961457960755,0.005347429288919842,0.003554574517435222,0.0
356,5.933,0.004413048832723332,0.011709077675034943,0.012229574808635065,0.004609229870596401,0.006755368235707438,0.005989365575751882,0.0,0.009065732182234377,0.004543952024395121,0.003342528982671837,0.0047594642555646004,0.005288903478037877,0.0
357,5.95,0.004220781918081055,0.00993138963086251,0.01361745203773444,0.00267301328092486,0.004898469148622318,0.0063231716725069866,0.0,0.0069359570356226615,0.003954111783953026,0.0037379807383128624,0.0049218898809293594,0.006827151675479315,0.0
358,5.967,0.0035195880440754483,0.007066116330771604,0.012974879575549134,0.002411431110357551,0.0036324922573902378,0.004618170633486766,0.0,0.004877755631435676,0.003335416016031623,0.00431537947346524,0.0047626148280116845,0.0074151871183403065,0.0
359,5.983,0.0031503968004046043,0.004200595195921558,0.011642701576524346,0.0026725456029788636,0.0033380383460946956,0.0027613402542968,0.0,0.0025889186931999505,0.002902585054740611,0.003928740256112524,0.004116126820203956,0.00704875875597961,0.0
360,6.0,0.0030777426793024273,0.0023329166294576483,0.010520575079338623,0.003186298793270927,0.00357316386414058,0.002857446412446077,0.0,0.0014221462653328453,0.0027968732541895818,0.005867921267365328,0.003690867106792205,0.0063342323923265866,0.0
361,6.017,0.0029427877939124185,0.0016477257053284936,0.008868060667361313,0.0026448062310876915,0.004219597137168325,0.004239693385140485,0.0,0.004163532154313211,0.003161486991907032,0.009029673305275208,0.003170567772497606,0.005671860364995251,0.0
362,6.033,0.003185121661726657,0.002053046516764186,0.006493265742290112,0.0014256577429380183,0.005406939984871395,0.006284504753757438,0.0,0.007250862017718993,0.004564537216410666,0.010867497412007663,0.0020639767440548745,0.004783826919946229,0.0
363,6.05,0.005062854925830159,0.003957903485432353,0.005652433104424901,0.003165833223655391,0.006818724220849436,0.007738539913963061,0.0,0.009392017887547404,0.006641159537309734,0.011047397883664427,0.0015475787540541498,0.005584129296497237,0.0
364,6.067,0.00819710314684392,0.005805385430788325,0.006350984175700678,0.005156064390598854,0.00765343060333082,0.007605754400452296,0.0,0.010086748732868122,0.008848163651289551,0.009668117707185836,0.0032916561181266456,0.010577570609549307,0.0
365,6.083,0.011524539036334382,0.007146677549742474,0.007044501401802698,0.006036141151430748,0.007299486283294184,0.0063188210925773204,0.0,0.010030578248535663,0.011205578967638942,0.006646239538265399,0.005308954699373916,0.017192222078602836,0.0
366,6.1,0.014191634860015352,0.007938671173439188,0.009165696918401498,0.005942011443946951,0.006644170377104701,0.005269962049199162,0.0,0.010118670861333431,0.013290692231783998,0.003703039292257364,0.006503845016603448,0.02292493184286487,0.0
367,6.117,0.015543326542281414,0.008104474073004813,0.012163983722448653,0.005150000000000099,0.0073747881325504205,0.004870318264754053,0.0,0.010560421393107386,0.013801992609764977,0.0037516662964610713,0.006543126164151031,0.026140007651108327,0.0
368,6.133,0.015592947123619742,0.007933158261373743,0.013961017154921191,0.0038739514710430115,0.008831477792533427,0.004830631428705939,0.0,0.011162996909432076,0.011948744703942636,0.0047042533945356796,0.005427246078814357,0.024946793381114118,0.0
369,6.15,0.014415356395178524,0.007615937237135808,0.014041901580626695,0.0024464259645449555,0.009029950165974786,0.0051560643905994045,0.0,0.011617013385547693,0.008251817981511611,0.004952019789944364,0.0036121323342313072,0.018433257986584996,0.0
370,6.167,0.012354958518748509,0.007577268637180279,0.013550092250608617,0.001845264208724739,0.007537406715840673,0.005541885960573556,0.0,0.011431754021147008,0.004724933861970869,0.004958326330527096,0.0019170289512672116,0.00821340367935243,0.0
371,6.183,0.010791895106977107,0.008087644898239203,0.013530521054268139,0.0022918333272732134,0.005501590679067438,0.006052065763026171,0.0,0.010784943208010456,0.003211308144666086,0.0046821469434437536,0.0022819947414488497,0.003619737559547531,0.0
372,6.2,0.011050565596384912,0.009812619426025418,0.014020788137619027,0.002984124662275141,0.005085518655948638,0.006182434795450553,0.0,0.010899655957872468,0.003427097897638195,0.004125833249175316,0.002974474743547228,0.013156177256330972,0.0
373,6.217,0.012136721138759132,0.01320586990697698,0.014624722219584302,0.003317755265235741,0.006269569363201628,0.005505224791051014,0.0,0.012746470099599236,0.004210997506529855,0.003582247897619539,0.0024869660230891983,0.019216919628285905,0.0
374,6.233,0.013031212529922025,0.01687986966774241,0.015199835525425962,0.0033384127965248433,0.007195310973126754,0.004500555521266077,0.0,0.015631218762464413,0.005254759747124646,0.003259217697546637,0.0013124404748404163,0.021242586942272393,0.0
375,6.25,0.014006248605532432,0.01887081079339193,0.015492901600410445,0.003901602234980066,0.0076080549419678956,0.0048654393429578835,0.0,0.017683678915881698,0.005597544104337233,0.0033804585487770987,0.0004387482193698867,0.020714789402743215,0.0
376,6.267,0.01548773708454543,0.018610615250442983,0.015050332222246476,0.005258089006473459,0.007849203781276416,0.006171912183432281,0.0,0.017873863600240132,0.004860555523805867,0.004182104733264969,0.00015000000000005748,0.018647452909177673,0.0
377,6.283,0.017049633427144363,0.01705652367863948,0.013611759621739081,0.006159139550293845,0.007889550050541956,0.006877681295320284,0.0,0.01672991332912392,0.005311073337848099,0.004926966612429874,0.0006982120021883702,0.01497406090544565,0.0
378,6.3,0.017661610911805122,0.015406897805853232,0.01152182711205161,0.0057308376351103635,0.007245343332099519,0.006781408408288177,0.0,0.0152881490050298,0.00880809286962811,0.004650537603331458,0.0009069178573611783,0.010287006367257717,0.0
379,6.317,0.01706502270728149,0.013971220419133415,0.009294353124343433,0.0042326114870142135,0.005844869545164898,0.005884088714490756,0.0,0.014008658037086294,0.01323952416063364,0.003260751447135952,0.0005024937810559119,0.005556302727533904,0.0
380,6.333,0.01618062112528415,0.012832770550429941,0.0073942545263193625,0.002688401011754338,0.004585029988996497,0.004563167759353113,0.0,0.01330347698911883,0.016529670293142396,0.002522895162308698,0.0011079259903081229,0.0022907422377910496,0.0
381,6.35,0.015704298774538477,0.012289324635633175,0.006641724173736649,0.0020814658296499596,0.004377784827969456,0.0041506023659220554,0.0,0.0133676849154968,0.016843767393311806,0.0034659053651251897,0.0014679918255898973,0.002622022120425027,0.0
382,6.367,0.015139104993361458,0.012022063050907483,0.007055139970262824,0.0026837473800639623,0.004723610906922917,0.00550931030166177,0.0,0.013438842956147855,0.01376753427451729,0.004812483766206521,0.0009460443964208949,0.0031705677724974653,0.0
383,6.383,0.013550092250608534,0.011166579601651187,0.007818727517953046,0.003373796081567259,0.004473533279187664,0.007102816342832319,0.0,0.012484490378064438,0.009328719097496822,0.006875499981819156,0.0009340770846136021,0.0027617928959287803,0.0
384,6.4,0.010902522643864978,0.00942867965305949,0.009080473555933158,0.003060228749619533,0.003333916615634153,0.007581721440411266,0.0,0.010560894848449059,0.006439332263519453,0.008118035476640995,0.0009669539802906195,0.001530522786501608,0.0
385,6.417,0.00805558812253969,0.007704868590702225,0.01060153290802816,0.001209338662245028,0.002051219149676948,0.006960064654871769,0.0,0.008652311829794892,0.006307535176278751,0.006875136362283705,0.00020615528128075262,0.0008944271910000965,0.0
386,6.433,0.005802801047770397,0.007098239218284661,0.011618734870888332,0.0019397164741270726,0.0010653637876332468,0.005923892301519785,0.0,0.0074742892638695125,0.006495575417159136,0.003881687777243262,0.0004716990566029783,0.004110352782912902,0.0
387,6.45,0.004592929348466033,0.007480975872171375,0.011590297666583026,0.0048168973416506345,0.0013601470508735987,0.004962358310319971,0.0,0.006878408246098253,0.005981011620119224,0.0017613914953808446,0.0005123475382978964,0.00729194761363504,0.0
388,6.467,0.004331570154112329,0.008156898920545526,0.009813638468987734,0.006145120015101257,0.004135214625627475,0.004764976390287821,0.0,0.0062611899827431225,0.0051427132916389345,0.0019306734576306338,0.0019987496091307304,0.008884959200806754,0.0
389,6.483,0.004772839825513216,0.008834166627362375,0.006893112504522379,0.005803016456981979,0.008366749667583046,0.005300000000000079,0.0,0.005308012810836499,0.004159326868617107,0.0029857997253664604,0.003410645100270013,0.007214048793846745,0.0
390,6.5,0.006277539326838378,0.009320541829743281,0.0052561868307741295,0.004832442446630716,0.014077286670378041,0.006790250363572958,0.0,0.004394883388668778,0.002665989497353591,0.006849452532867148,0.003933509883043204,0.0036131703530279708,0.0
391,6.517,0.008866510023678813,0.009316785926487603,0.005632495006655486,0.005132981589680568,0.02081694021704466,0.010623205730851938,0.0,0.0040003124877934825,0.0009069178573607498,0.013661991070118543,0.003985285435197904,0.006402343321003453,0.0
392,6.533,0.011662118160951616,0.008861292230820765,0.005991660871578004,0.006664457967457201,0.027435241934416765,0.015998203024089705,0.0,0.004591568359503972,0.003341406889320867,0.021408935050581064,0.00591481191585997,0.009662039122255715,0.0
393,6.55,0.01375081815747717,0.008600290692761215,0.005867069114984254,0.007912332146718475,0.03260195546282456,0.020617710833164472,0.0,0.006261589255133847,0.0060259853965969595,0.027503181634130958,0.008973711606687794,0.010575561450816838,0.0
394,6.567,0.014536849727503269,0.008609297300013186,0.005725382083320479,0.008417838202293998,0.034637263171330736,0.022460632226186238,0.0,0.007218032973048544,0.007128814768248575,0.029826330649276526,0.010381233067415598,0.010640018796975894,0.0
